,symbol,tradeDate,basicPrice,price,volume,totalVolume,totalValue
0,VNM,2024-09-13T14:45:11,74.7,72.9,915.5,5347.1,393198.0
1,VNM,2024-09-13T14:29:50,74.7,73.5,0.1,4431.6,326458.0
2,VNM,2024-09-13T14:29:43,74.7,73.7,0.5,4431.5,326451.0
3,VNM,2024-09-13T14:29:40,74.7,73.5,0.2,4428.5,326230.0
4,VNM,2024-09-13T14:29:27,74.7,73.6,0.4,4428.3,326215.0
5,VNM,2024-09-13T14:29:25,74.7,73.6,0.7,4427.9,326186.0
6,VNM,2024-09-13T14:29:22,74.7,73.6,0.2,4424.9,325965.0
7,VNM,2024-09-13T14:29:11,74.7,73.5,0.1,4421.7,325730.0
8,VNM,2024-09-13T14:29:07,74.7,73.5,0.6,4421.6,325722.0
9,VNM,2024-09-13T14:29:04,74.7,73.5,0.1,4420.3,325627.0
10,VNM,2024-09-13T14:28:54,74.7,73.5,0.4,4420.2,325619.0
11,VNM,2024-09-13T14:28:53,74.7,73.5,1.3,4419.8,325590.0
12,VNM,2024-09-13T14:28:36,74.7,73.5,4.7,4418.2,325472.0
13,VNM,2024-09-13T14:28:33,74.7,73.5,1.4,4399.2,324076.0
14,VNM,2024-09-13T14:28:31,74.7,73.4,0.1,4397.8,323973.0
15,VNM,2024-09-13T14:28:25,74.7,73.4,0.9,4392.7,323599.0
16,VNM,2024-09-13T14:28:22,74.7,73.4,0.3,4387.7,323232.0
17,VNM,2024-09-13T14:28:13,74.7,73.4,0.4,4385.7,323085.0
18,VNM,2024-09-13T14:28:11,74.7,73.5,1.5,4383.7,322938.0
19,VNM,2024-09-13T14:28:09,74.7,73.4,0.2,4382.2,322828.0
20,VNM,2024-09-13T14:28:06,74.7,73.4,0.1,4382.0,322813.0
21,VNM,2024-09-13T14:28:00,74.7,73.4,0.5,4381.9,322806.0
22,VNM,2024-09-13T14:27:49,74.7,73.4,0.1,4379.9,322659.0
23,VNM,2024-09-13T14:27:39,74.7,73.4,0.5,4379.8,322652.0
24,VNM,2024-09-13T14:27:36,74.7,73.4,0.1,4377.7,322497.0
25,VNM,2024-09-13T14:27:28,74.7,73.4,0.5,4377.1,322453.0
26,VNM,2024-09-13T14:27:27,74.7,73.4,0.8,4376.6,322417.0
27,VNM,2024-09-13T14:27:24,74.7,73.4,0.1,4374.6,322270.0
28,VNM,2024-09-13T14:27:14,74.7,73.4,0.3,4371.6,322050.0
29,VNM,2024-09-13T14:27:08,74.7,73.4,0.1,4366.3,321661.0
30,VNM,2024-09-13T14:27:02,74.7,73.4,0.6,4365.3,321587.0
31,VNM,2024-09-13T14:26:57,74.7,73.4,0.2,4364.7,321543.0
32,VNM,2024-09-13T14:26:49,74.7,73.4,0.1,4364.5,321529.0
33,VNM,2024-09-13T14:26:47,74.7,73.4,0.4,4361.2,321286.0
34,VNM,2024-09-13T14:26:44,74.7,73.4,0.3,4360.8,321257.0
35,VNM,2024-09-13T14:26:38,74.7,73.4,0.4,4360.1,321206.0
36,VNM,2024-09-13T14:26:37,74.7,73.3,0.5,4359.7,321176.0
37,VNM,2024-09-13T14:26:34,74.7,73.4,0.3,4359.2,321140.0
38,VNM,2024-09-13T14:26:27,74.7,73.3,0.4,4357.8,321037.0
39,VNM,2024-09-13T14:26:25,74.7,73.4,0.1,4356.9,320971.0
40,VNM,2024-09-13T14:26:22,74.7,73.4,0.3,4356.8,320964.0
41,VNM,2024-09-13T14:26:17,74.7,73.4,0.4,4356.1,320912.0
42,VNM,2024-09-13T14:26:16,74.7,73.4,0.1,4355.7,320883.0
43,VNM,2024-09-13T14:26:13,74.7,73.4,0.3,4353.7,320736.0
44,VNM,2024-09-13T14:26:08,74.7,73.4,0.4,4353.0,320685.0
45,VNM,2024-09-13T14:26:04,74.7,73.4,0.3,4352.6,320655.0
46,VNM,2024-09-13T14:25:59,74.7,73.4,0.4,4351.9,320604.0
47,VNM,2024-09-13T14:25:55,74.7,73.4,0.3,4350.3,320486.0
48,VNM,2024-09-13T14:25:53,74.7,73.4,0.4,4350.0,320464.0
49,VNM,2024-09-13T14:25:51,74.7,73.4,0.1,4349.6,320435.0
50,VNM,2024-09-13T14:25:39,74.7,73.4,0.4,4348.4,320347.0
51,VNM,2024-09-13T14:25:37,74.7,73.4,0.1,4348.0,320318.0
52,VNM,2024-09-13T14:25:34,74.7,73.4,0.4,4347.6,320288.0
53,VNM,2024-09-13T14:25:32,74.7,73.4,0.6,4347.2,320259.0
54,VNM,2024-09-13T14:25:30,74.7,73.4,0.4,4346.6,320215.0
55,VNM,2024-09-13T14:25:28,74.7,73.4,0.3,4344.8,320083.0
56,VNM,2024-09-13T14:25:25,74.7,73.4,0.4,4344.5,320061.0
57,VNM,2024-09-13T14:25:24,74.7,73.4,2.0,4343.5,319987.0
58,VNM,2024-09-13T14:25:22,74.7,73.4,0.4,4341.5,319841.0
59,VNM,2024-09-13T14:25:19,74.7,73.4,0.3,4341.1,319811.0
60,VNM,2024-09-13T14:25:13,74.7,73.4,0.4,4340.1,319738.0
61,VNM,2024-09-13T14:25:10,74.7,73.4,0.3,4339.7,319708.0
62,VNM,2024-09-13T14:25:00,74.7,73.4,0.4,4334.8,319349.0
63,VNM,2024-09-13T14:24:57,74.7,73.4,0.5,4327.1,318784.0
64,VNM,2024-09-13T14:24:51,74.7,73.4,0.6,4326.0,318703.0
65,VNM,2024-09-13T14:24:50,74.7,73.4,0.1,4325.4,318659.0
66,VNM,2024-09-13T14:24:46,74.7,73.4,0.5,4324.7,318607.0
67,VNM,2024-09-13T14:24:42,74.7,73.4,0.4,4323.1,318490.0
68,VNM,2024-09-13T14:24:35,74.7,73.4,0.6,4321.4,318365.0
69,VNM,2024-09-13T14:24:31,74.7,73.4,0.5,4320.8,318321.0
70,VNM,2024-09-13T14:24:26,74.7,73.4,0.6,4318.8,318174.0
71,VNM,2024-09-13T14:24:22,74.7,73.4,0.1,4318.2,318130.0
72,VNM,2024-09-13T14:24:17,74.7,73.4,0.6,4316.9,318035.0
73,VNM,2024-09-13T14:24:15,74.7,73.4,0.8,4316.3,317991.0
74,VNM,2024-09-13T14:24:08,74.7,73.4,0.6,4313.3,317771.0
75,VNM,2024-09-13T14:24:06,74.7,73.4,1.3,4312.7,317727.0
76,VNM,2024-09-13T14:24:04,74.7,73.3,0.2,4310.7,317580.0
77,VNM,2024-09-13T14:24:00,74.7,73.4,0.6,4309.9,317521.0
78,VNM,2024-09-13T14:23:59,74.7,73.4,0.1,4309.3,317477.0
79,VNM,2024-09-13T14:23:58,74.7,73.4,0.2,4308.7,317433.0
80,VNM,2024-09-13T14:23:56,74.7,73.4,0.5,4307.9,317374.0
81,VNM,2024-09-13T14:23:46,74.7,73.4,0.6,4305.6,317206.0
82,VNM,2024-09-13T14:23:43,74.7,73.3,1.0,4305.0,317162.0
83,VNM,2024-09-13T14:23:41,74.7,73.3,0.3,4295.0,316429.0
84,VNM,2024-09-13T14:23:39,74.7,73.2,0.1,4294.0,316355.0
85,VNM,2024-09-13T14:23:36,74.7,73.3,0.2,4293.9,316348.0
86,VNM,2024-09-13T14:23:35,74.7,73.3,0.5,4293.3,316304.0
87,VNM,2024-09-13T14:23:33,74.7,73.3,0.7,4292.8,316267.0
88,VNM,2024-09-13T14:23:31,74.7,73.3,0.9,4292.1,316216.0
89,VNM,2024-09-13T14:23:29,74.7,73.2,0.3,4290.5,316099.0
90,VNM,2024-09-13T14:23:28,74.7,73.3,0.7,4290.2,316077.0
91,VNM,2024-09-13T14:23:25,74.7,73.3,0.5,4289.5,316025.0
92,VNM,2024-09-13T14:23:22,74.7,73.3,11.4,4287.6,315886.0
93,VNM,2024-09-13T14:23:16,74.7,73.3,0.5,4275.2,314977.0
94,VNM,2024-09-13T14:23:13,74.7,73.2,0.3,4274.7,314941.0
95,VNM,2024-09-13T14:23:06,74.7,73.3,0.5,4273.4,314845.0
96,VNM,2024-09-13T14:23:05,74.7,73.3,1.4,4270.9,314662.0
97,VNM,2024-09-13T14:23:03,74.7,73.3,0.5,4269.5,314560.0
98,VNM,2024-09-13T14:23:01,74.7,73.3,0.1,4269.0,314523.0
99,VNM,2024-09-13T14:22:59,74.7,73.3,0.6,4268.9,314516.0
100,VNM,2024-09-13T14:22:57,74.7,73.2,1.3,4268.3,314472.0
101,VNM,2024-09-13T14:22:54,74.7,73.2,0.7,4264.7,314208.0
102,VNM,2024-09-13T14:22:52,74.7,73.2,0.5,4263.3,314106.0
103,VNM,2024-09-13T14:22:48,74.7,73.3,0.6,4258.5,313754.0
104,VNM,2024-09-13T14:22:45,74.7,73.3,0.7,4257.9,313710.0
105,VNM,2024-09-13T14:22:42,74.7,73.2,0.2,4257.2,313659.0
106,VNM,2024-09-13T14:22:41,74.7,73.2,0.7,4255.7,313549.0
107,VNM,2024-09-13T14:22:39,74.7,73.2,0.2,4255.0,313498.0
108,VNM,2024-09-13T14:22:37,74.7,73.2,1.4,4254.2,313439.0
109,VNM,2024-09-13T14:22:36,74.7,73.2,0.7,4252.8,313337.0
110,VNM,2024-09-13T14:22:34,74.7,73.2,1.0,4252.1,313285.0
111,VNM,2024-09-13T14:22:33,74.7,73.2,0.3,4251.1,313212.0
112,VNM,2024-09-13T14:22:32,74.7,73.1,0.9,4248.0,312985.0
113,VNM,2024-09-13T14:22:30,74.7,73.2,0.6,4247.1,312919.0
114,VNM,2024-09-13T14:22:29,74.7,73.1,0.4,4246.5,312876.0
115,VNM,2024-09-13T14:22:26,74.7,73.2,0.5,4245.3,312788.0
116,VNM,2024-09-13T14:22:25,74.7,73.2,0.1,4243.5,312656.0
117,VNM,2024-09-13T14:22:24,74.7,73.3,0.7,4242.3,312568.0
118,VNM,2024-09-13T14:22:22,74.7,73.3,1.0,4241.6,312517.0
119,VNM,2024-09-13T14:22:21,74.7,73.3,0.1,4240.6,312444.0
120,VNM,2024-09-13T14:22:20,74.7,73.3,2.0,4206.0,309911.0
121,VNM,2024-09-13T14:22:18,74.7,73.3,0.7,4200.7,309522.0
122,VNM,2024-09-13T14:22:17,74.7,73.2,4.7,4200.0,309471.0
123,VNM,2024-09-13T14:22:14,74.7,73.3,0.7,4179.8,307992.0
124,VNM,2024-09-13T14:22:13,74.7,73.3,0.1,4179.1,307941.0
125,VNM,2024-09-13T14:22:12,74.7,73.3,0.6,4179.0,307934.0
126,VNM,2024-09-13T14:22:10,74.7,73.2,0.1,4178.4,307890.0
127,VNM,2024-09-13T14:22:09,74.7,73.3,0.7,4178.3,307882.0
128,VNM,2024-09-13T14:22:07,74.7,73.3,0.1,4177.6,307831.0
129,VNM,2024-09-13T14:22:05,74.7,73.3,0.7,4177.5,307824.0
130,VNM,2024-09-13T14:22:04,74.7,73.3,0.2,4176.7,307765.0
131,VNM,2024-09-13T14:22:03,74.7,73.3,0.6,4176.3,307736.0
132,VNM,2024-09-13T14:22:02,74.7,73.2,0.3,4175.7,307692.0
133,VNM,2024-09-13T14:21:57,74.7,73.3,0.7,4174.6,307611.0
134,VNM,2024-09-13T14:21:47,74.7,73.3,0.1,4173.7,307545.0
135,VNM,2024-09-13T14:21:46,74.7,73.3,0.8,4173.6,307538.0
136,VNM,2024-09-13T14:21:45,74.7,73.2,0.5,4171.8,307406.0
137,VNM,2024-09-13T14:21:35,74.7,73.2,0.1,4171.3,307370.0
138,VNM,2024-09-13T14:21:34,74.7,73.3,0.3,4168.8,307187.0
139,VNM,2024-09-13T14:21:31,74.7,73.3,0.7,4136.2,304797.0
140,VNM,2024-09-13T14:21:23,74.7,73.3,0.3,4122.7,303807.0
141,VNM,2024-09-13T14:21:16,74.7,73.3,0.1,4102.7,302341.0
142,VNM,2024-09-13T14:21:15,74.7,73.3,0.5,4102.6,302334.0
143,VNM,2024-09-13T14:21:08,74.7,73.3,0.3,4102.1,302297.0
144,VNM,2024-09-13T14:20:45,74.7,73.3,0.1,4101.3,302239.0
145,VNM,2024-09-13T14:20:42,74.7,73.3,0.4,4101.2,302231.0
146,VNM,2024-09-13T14:20:41,74.7,73.3,0.3,4099.7,302121.0
147,VNM,2024-09-13T14:20:35,74.7,73.3,0.6,4099.4,302099.0
148,VNM,2024-09-13T14:20:28,74.7,73.3,0.2,4098.8,302056.0
149,VNM,2024-09-13T14:20:20,74.7,73.3,0.1,4096.5,301887.0
150,VNM,2024-09-13T14:20:14,74.7,73.3,0.3,4096.4,301880.0
151,VNM,2024-09-13T14:20:12,74.7,73.4,2.0,4096.1,301858.0
152,VNM,2024-09-13T14:20:05,74.7,73.3,0.2,4094.0,301703.0
153,VNM,2024-09-13T14:19:57,74.7,73.4,0.1,4093.8,301689.0
154,VNM,2024-09-13T14:19:47,74.7,73.3,0.3,4093.7,301681.0
155,VNM,2024-09-13T14:19:41,74.7,73.4,1.2,4093.4,301659.0
156,VNM,2024-09-13T14:19:40,74.7,73.3,0.9,4092.2,301571.0
157,VNM,2024-09-13T14:19:29,74.7,73.3,0.2,4090.3,301432.0
158,VNM,2024-09-13T14:19:19,74.7,73.3,0.4,4087.4,301219.0
159,VNM,2024-09-13T14:18:58,74.7,73.3,0.2,4085.0,301043.0
160,VNM,2024-09-13T14:18:54,74.7,73.3,0.3,4083.6,300941.0
161,VNM,2024-09-13T14:18:52,74.7,73.3,0.2,4083.3,300919.0
162,VNM,2024-09-13T14:18:51,74.7,73.4,0.6,4079.1,300611.0
163,VNM,2024-09-13T14:18:48,74.7,73.3,0.9,4078.5,300567.0
164,VNM,2024-09-13T14:18:45,74.7,73.4,0.2,4076.6,300428.0
165,VNM,2024-09-13T14:18:42,74.7,73.4,1.4,4045.0,298108.0
166,VNM,2024-09-13T14:18:40,74.7,73.4,0.8,4043.6,298006.0
167,VNM,2024-09-13T14:18:39,74.7,73.4,0.1,4034.6,297345.0
168,VNM,2024-09-13T14:18:38,74.7,73.4,3.0,4030.4,297037.0
169,VNM,2024-09-13T14:18:34,74.7,73.4,1.0,4027.4,296816.0
170,VNM,2024-09-13T14:18:32,74.7,73.4,0.3,4026.4,296743.0
171,VNM,2024-09-13T14:18:26,74.7,73.4,0.2,4026.1,296721.0
172,VNM,2024-09-13T14:18:20,74.7,73.4,0.1,4019.7,296251.0
173,VNM,2024-09-13T14:18:11,74.7,73.4,2.7,4018.3,296148.0
174,VNM,2024-09-13T14:18:06,74.7,73.4,0.1,4013.6,295803.0
175,VNM,2024-09-13T14:17:58,74.7,73.4,0.3,4013.5,295796.0
176,VNM,2024-09-13T14:17:57,74.7,73.5,2.0,4013.2,295774.0
177,VNM,2024-09-13T14:17:56,74.7,73.4,0.2,4011.2,295627.0
178,VNM,2024-09-13T14:17:45,74.7,73.4,0.9,4010.2,295554.0
179,VNM,2024-09-13T14:17:31,74.7,73.4,0.3,4009.3,295488.0
180,VNM,2024-09-13T14:17:25,74.7,73.5,0.5,4009.0,295466.0
181,VNM,2024-09-13T14:17:23,74.7,73.5,0.1,4008.5,295429.0
182,VNM,2024-09-13T14:17:07,74.7,73.5,7.1,4005.5,295208.0
183,VNM,2024-09-13T14:17:04,74.7,73.5,0.1,3998.4,294687.0
184,VNM,2024-09-13T14:16:45,74.7,73.5,1.0,3992.3,294238.0
185,VNM,2024-09-13T14:16:36,74.7,73.5,0.1,3991.2,294157.0
186,VNM,2024-09-13T14:16:35,74.7,73.5,5.0,3991.1,294150.0
187,VNM,2024-09-13T14:16:34,74.7,73.4,0.3,3986.1,293782.0
188,VNM,2024-09-13T14:16:33,74.7,73.5,0.5,3985.8,293760.0
189,VNM,2024-09-13T14:16:29,74.7,73.5,3.0,3985.3,293724.0
190,VNM,2024-09-13T14:16:27,74.7,73.5,6.0,3982.3,293503.0
191,VNM,2024-09-13T14:16:19,74.7,73.5,0.2,3960.7,291916.0
192,VNM,2024-09-13T14:16:18,74.7,73.5,0.1,3960.5,291901.0
193,VNM,2024-09-13T14:16:06,74.7,73.5,0.3,3960.4,291894.0
194,VNM,2024-09-13T14:15:47,74.7,73.5,1.0,3960.1,291872.0
195,VNM,2024-09-13T14:15:42,74.7,73.6,0.1,3959.1,291798.0
196,VNM,2024-09-13T14:15:39,74.7,73.5,0.3,3959.0,291791.0
197,VNM,2024-09-13T14:15:35,74.7,73.5,0.8,3958.7,291769.0
198,VNM,2024-09-13T14:15:20,74.7,73.5,0.2,3951.5,291239.0
199,VNM,2024-09-13T14:15:16,74.7,73.5,1.0,3951.3,291225.0
200,VNM,2024-09-13T14:14:45,74.7,73.5,0.3,3950.0,291129.0
201,VNM,2024-09-13T14:14:41,74.7,73.5,0.1,3936.1,290107.0
202,VNM,2024-09-13T14:14:40,74.7,73.4,0.4,3936.0,290100.0
203,VNM,2024-09-13T14:14:36,74.7,73.5,0.2,3935.6,290071.0
204,VNM,2024-09-13T14:14:34,74.7,73.5,3.0,3935.4,290056.0
205,VNM,2024-09-13T14:14:25,74.7,73.5,0.1,3932.4,289836.0
206,VNM,2024-09-13T14:14:23,74.7,73.4,1.4,3932.3,289828.0
207,VNM,2024-09-13T14:14:20,74.7,73.5,1.7,3930.9,289725.0
208,VNM,2024-09-13T14:14:13,74.7,73.4,0.2,3929.2,289601.0
209,VNM,2024-09-13T14:14:00,74.7,73.4,0.9,3928.8,289571.0
210,VNM,2024-09-13T14:13:56,74.7,73.4,0.1,3927.5,289476.0
211,VNM,2024-09-13T14:13:52,74.7,73.5,1.4,3927.4,289468.0
212,VNM,2024-09-13T14:13:47,74.7,73.5,0.1,3925.9,289358.0
213,VNM,2024-09-13T14:13:44,74.7,73.5,2.5,3925.5,289329.0
214,VNM,2024-09-13T14:13:40,74.7,73.5,0.1,3923.0,289145.0
215,VNM,2024-09-13T14:13:39,74.7,73.5,0.2,3922.9,289138.0
216,VNM,2024-09-13T14:13:34,74.7,73.5,0.1,3922.7,289123.0
217,VNM,2024-09-13T14:13:25,74.7,73.4,0.2,3922.6,289116.0
218,VNM,2024-09-13T14:13:19,74.7,73.4,0.3,3922.4,289101.0
219,VNM,2024-09-13T14:13:14,74.7,73.5,0.5,3922.0,289072.0
220,VNM,2024-09-13T14:13:08,74.7,73.5,2.5,3920.5,288961.0
221,VNM,2024-09-13T14:13:05,74.7,73.5,0.2,3918.0,288778.0
222,VNM,2024-09-13T14:12:57,74.7,73.5,0.5,3917.8,288763.0
223,VNM,2024-09-13T14:12:52,74.7,73.5,0.4,3915.5,288594.0
224,VNM,2024-09-13T14:12:33,74.7,73.5,0.2,3915.1,288564.0
225,VNM,2024-09-13T14:12:28,74.7,73.6,1.0,3914.9,288550.0
226,VNM,2024-09-13T14:12:26,74.7,73.5,0.2,3913.9,288476.0
227,VNM,2024-09-13T14:12:24,74.7,73.5,0.3,3889.6,286690.0
228,VNM,2024-09-13T14:12:03,74.7,73.6,0.5,3889.3,286668.0
229,VNM,2024-09-13T14:11:59,74.7,73.5,0.4,3888.8,286631.0
230,VNM,2024-09-13T14:11:35,74.7,73.6,0.1,3888.4,286602.0
231,VNM,2024-09-13T14:11:31,74.7,73.5,0.4,3888.3,286594.0
232,VNM,2024-09-13T14:11:25,74.7,73.5,1.0,3887.9,286565.0
233,VNM,2024-09-13T14:11:15,74.7,73.5,2.0,3886.9,286492.0
234,VNM,2024-09-13T14:11:09,74.7,73.5,0.2,3884.9,286345.0
235,VNM,2024-09-13T14:10:54,74.7,73.5,0.3,3884.7,286330.0
236,VNM,2024-09-13T14:10:51,74.7,73.5,0.2,3883.1,286212.0
237,VNM,2024-09-13T14:10:48,74.7,73.5,0.1,3882.9,286198.0
238,VNM,2024-09-13T14:10:45,74.7,73.5,1.9,3882.8,286190.0
239,VNM,2024-09-13T14:10:42,74.7,73.5,2.9,3872.8,285455.0
240,VNM,2024-09-13T14:10:38,74.7,73.5,0.5,3867.8,285088.0
241,VNM,2024-09-13T14:10:31,74.7,73.5,0.1,3866.9,285022.0
242,VNM,2024-09-13T14:10:23,74.7,73.5,0.5,3866.8,285014.0
243,VNM,2024-09-13T14:10:18,74.7,73.4,0.2,3866.3,284978.0
244,VNM,2024-09-13T14:10:05,74.7,73.4,0.4,3865.6,284926.0
245,VNM,2024-09-13T14:10:03,74.7,73.5,2.0,3865.2,284897.0
246,VNM,2024-09-13T14:09:58,74.7,73.5,3.0,3863.2,284750.0
247,VNM,2024-09-13T14:09:54,74.7,73.4,0.8,3860.2,284529.0
248,VNM,2024-09-13T14:09:48,74.7,73.4,0.7,3859.4,284471.0
249,VNM,2024-09-13T14:09:47,74.7,73.4,0.1,3857.0,284294.0
250,VNM,2024-09-13T14:09:39,74.7,73.4,0.4,3856.9,284287.0
251,VNM,2024-09-13T14:09:11,74.7,73.4,0.3,3856.5,284258.0
252,VNM,2024-09-13T14:09:07,74.7,73.5,0.1,3856.1,284228.0
253,VNM,2024-09-13T14:09:06,74.7,73.5,5.0,3856.0,284221.0
254,VNM,2024-09-13T14:08:58,74.7,73.5,0.2,3851.0,283853.0
255,VNM,2024-09-13T14:08:42,74.7,73.5,0.6,3850.8,283839.0
256,VNM,2024-09-13T14:08:36,74.7,73.5,5.0,3850.2,283795.0
257,VNM,2024-09-13T14:08:28,74.7,73.5,0.1,3841.0,283118.0
258,VNM,2024-09-13T14:08:09,74.7,73.5,0.4,3840.9,283111.0
259,VNM,2024-09-13T14:08:07,74.7,73.5,1.4,3840.2,283060.0
260,VNM,2024-09-13T14:08:05,74.7,73.5,0.1,3837.5,282861.0
261,VNM,2024-09-13T14:07:45,74.7,73.5,2.0,3837.4,282854.0
262,VNM,2024-09-13T14:07:41,74.7,73.5,0.4,3835.4,282707.0
263,VNM,2024-09-13T14:07:38,74.7,73.5,5.0,3833.3,282553.0
264,VNM,2024-09-13T14:07:34,74.7,73.5,0.1,3828.2,282178.0
265,VNM,2024-09-13T14:07:31,74.7,73.5,0.2,3828.1,282170.0
266,VNM,2024-09-13T14:07:25,74.7,73.5,3.3,3827.9,282156.0
267,VNM,2024-09-13T14:07:14,74.7,73.4,0.2,3824.6,281913.0
268,VNM,2024-09-13T14:07:10,74.7,73.5,0.1,3824.2,281884.0
269,VNM,2024-09-13T14:07:03,74.7,73.5,12.3,3824.1,281876.0
270,VNM,2024-09-13T14:06:55,74.7,73.5,0.1,3811.8,280972.0
271,VNM,2024-09-13T14:06:47,74.7,73.5,0.4,3792.1,279524.0
272,VNM,2024-09-13T14:06:32,74.7,73.5,3.4,3791.7,279495.0
273,VNM,2024-09-13T14:06:06,74.7,73.5,0.4,3781.3,278731.0
274,VNM,2024-09-13T14:05:58,74.7,73.5,1.9,3780.8,278694.0
275,VNM,2024-09-13T14:05:53,74.7,73.5,0.3,3778.9,278554.0
276,VNM,2024-09-13T14:05:51,74.7,73.6,0.1,3778.5,278525.0
277,VNM,2024-09-13T14:05:44,74.7,73.5,2.2,3778.4,278517.0
278,VNM,2024-09-13T14:05:35,74.7,73.6,0.1,3774.9,278260.0
279,VNM,2024-09-13T14:05:31,74.7,73.5,3.1,3774.7,278245.0
280,VNM,2024-09-13T14:05:25,74.7,73.5,0.4,3771.6,278018.0
281,VNM,2024-09-13T14:05:13,74.7,73.5,0.2,3771.2,277988.0
282,VNM,2024-09-13T14:05:10,74.7,73.5,1.5,3771.0,277973.0
283,VNM,2024-09-13T14:05:08,74.7,73.5,10.0,3764.5,277496.0
284,VNM,2024-09-13T14:05:07,74.7,73.5,0.6,3754.5,276761.0
285,VNM,2024-09-13T14:05:04,74.7,73.5,12.7,3753.9,276717.0
286,VNM,2024-09-13T14:04:48,74.7,73.6,3.0,3741.2,275783.0
287,VNM,2024-09-13T14:04:39,74.7,73.6,0.3,3738.2,275562.0
288,VNM,2024-09-13T14:04:34,74.7,73.5,0.4,3737.9,275540.0
289,VNM,2024-09-13T14:04:30,74.7,73.5,13.6,3731.1,275041.0
290,VNM,2024-09-13T14:04:26,74.7,73.4,0.4,3701.1,272836.0
291,VNM,2024-09-13T14:04:24,74.7,73.4,0.3,3700.7,272806.0
292,VNM,2024-09-13T14:04:18,74.7,73.4,0.1,3700.4,272784.0
293,VNM,2024-09-13T14:03:55,74.7,73.5,0.4,3699.9,272747.0
294,VNM,2024-09-13T14:03:52,74.7,73.5,0.2,3699.5,272718.0
295,VNM,2024-09-13T14:03:47,74.7,73.5,13.0,3699.3,272703.0
296,VNM,2024-09-13T14:03:43,74.7,73.5,2.8,3686.3,271748.0
297,VNM,2024-09-13T14:03:32,74.7,73.5,0.1,3683.3,271527.0
298,VNM,2024-09-13T14:03:17,74.7,73.5,3.0,3683.2,271520.0
299,VNM,2024-09-13T14:03:09,74.7,73.5,0.5,3673.2,270785.0
300,VNM,2024-09-13T14:03:05,74.7,73.5,0.3,3660.2,269829.0
301,VNM,2024-09-13T14:02:55,74.7,73.5,0.1,3659.9,269807.0
302,VNM,2024-09-13T14:02:50,74.7,73.5,2.1,3659.8,269800.0
303,VNM,2024-09-13T14:02:21,74.7,73.5,2.6,3655.3,269469.0
304,VNM,2024-09-13T14:02:18,74.7,73.5,7.4,3652.7,269278.0
305,VNM,2024-09-13T14:02:07,74.7,73.4,0.4,3637.7,268176.0
306,VNM,2024-09-13T14:02:00,74.7,73.5,0.5,3636.8,268110.0
307,VNM,2024-09-13T14:01:56,74.7,73.5,1.0,3631.3,267705.0
308,VNM,2024-09-13T14:01:40,74.7,73.4,0.3,3630.3,267632.0
309,VNM,2024-09-13T14:01:36,74.7,73.5,7.9,3629.9,267603.0
310,VNM,2024-09-13T14:01:33,74.7,73.5,0.1,3622.0,267022.0
311,VNM,2024-09-13T14:01:31,74.7,73.5,0.2,3621.9,267015.0
312,VNM,2024-09-13T14:00:52,74.7,73.5,0.4,3621.7,267000.0
313,VNM,2024-09-13T14:00:42,74.7,73.4,0.1,3581.9,264075.0
314,VNM,2024-09-13T14:00:15,74.7,73.4,0.3,3581.6,264052.0
315,VNM,2024-09-13T14:00:04,74.7,73.5,0.2,3581.3,264030.0
316,VNM,2024-09-13T13:59:57,74.7,73.5,0.3,3580.8,263994.0
317,VNM,2024-09-13T13:59:51,74.7,73.5,0.2,3580.3,263957.0
318,VNM,2024-09-13T13:59:36,74.7,73.5,0.3,3580.1,263942.0
319,VNM,2024-09-13T13:59:30,74.7,73.4,0.9,3579.8,263920.0
320,VNM,2024-09-13T13:59:26,74.7,73.4,1.0,3578.9,263854.0
321,VNM,2024-09-13T13:59:21,74.7,73.4,0.1,3545.2,261381.0
322,VNM,2024-09-13T13:59:20,74.7,73.4,0.5,3544.6,261337.0
323,VNM,2024-09-13T13:59:18,74.7,73.3,0.2,3544.1,261300.0
324,VNM,2024-09-13T13:59:13,74.7,73.4,0.1,3543.7,261271.0
325,VNM,2024-09-13T13:59:05,74.7,73.4,1.9,3543.6,261263.0
326,VNM,2024-09-13T13:58:55,74.7,73.4,0.1,3541.5,261109.0
327,VNM,2024-09-13T13:58:53,74.7,73.4,3.0,3541.4,261102.0
328,VNM,2024-09-13T13:58:51,74.7,73.4,0.4,3533.5,260522.0
329,VNM,2024-09-13T13:58:47,74.7,73.4,0.1,3533.1,260492.0
330,VNM,2024-09-13T13:58:42,74.7,73.4,2.4,3533.0,260485.0
331,VNM,2024-09-13T13:58:17,74.7,73.4,0.4,3530.6,260309.0
332,VNM,2024-09-13T13:58:15,74.7,73.4,0.8,3529.8,260250.0
333,VNM,2024-09-13T13:58:08,74.7,73.4,0.1,3524.7,259876.0
334,VNM,2024-09-13T13:57:59,74.7,73.4,0.6,3523.8,259810.0
335,VNM,2024-09-13T13:57:56,74.7,73.4,0.2,3523.2,259766.0
336,VNM,2024-09-13T13:57:54,74.7,73.4,0.1,3523.0,259751.0
337,VNM,2024-09-13T13:57:52,74.7,73.3,0.4,3522.9,259744.0
338,VNM,2024-09-13T13:57:39,74.7,73.3,0.2,3522.3,259700.0
339,VNM,2024-09-13T13:57:28,74.7,73.4,0.1,3521.9,259670.0
340,VNM,2024-09-13T13:57:26,74.7,73.4,0.5,3521.8,259663.0
341,VNM,2024-09-13T13:57:14,74.7,73.4,0.3,3520.9,259597.0
342,VNM,2024-09-13T13:57:10,74.7,73.4,0.1,3520.6,259575.0
343,VNM,2024-09-13T13:57:03,74.7,73.3,0.5,3520.5,259568.0
344,VNM,2024-09-13T13:56:57,74.7,73.3,0.2,3520.0,259531.0
345,VNM,2024-09-13T13:56:33,74.7,73.4,0.1,3519.6,259502.0
346,VNM,2024-09-13T13:56:32,74.7,73.3,0.4,3518.1,259392.0
347,VNM,2024-09-13T13:56:29,74.7,73.4,0.3,3517.3,259333.0
348,VNM,2024-09-13T13:56:28,74.7,73.4,0.8,3517.0,259311.0
349,VNM,2024-09-13T13:56:12,74.7,73.4,0.1,3515.3,259186.0
350,VNM,2024-09-13T13:56:09,74.7,73.4,0.2,3515.1,259172.0
351,VNM,2024-09-13T13:56:04,74.7,73.3,0.4,3514.9,259157.0
352,VNM,2024-09-13T13:55:57,74.7,73.4,5.0,3514.5,259128.0
353,VNM,2024-09-13T13:55:51,74.7,73.4,0.1,3493.6,257593.0
354,VNM,2024-09-13T13:55:38,74.7,73.4,0.4,3493.5,257586.0
355,VNM,2024-09-13T13:55:36,74.7,73.4,2.8,3493.1,257557.0
356,VNM,2024-09-13T13:55:28,74.7,73.5,0.5,3483.7,256867.0
357,VNM,2024-09-13T13:55:22,74.7,73.4,0.2,3483.2,256830.0
358,VNM,2024-09-13T13:55:10,74.7,73.4,0.4,3483.0,256815.0
359,VNM,2024-09-13T13:54:58,74.7,73.5,0.1,3481.6,256712.0
360,VNM,2024-09-13T13:54:42,74.7,73.4,0.2,3481.5,256705.0
361,VNM,2024-09-13T13:54:38,74.7,73.5,0.5,3481.1,256676.0
362,VNM,2024-09-13T13:54:37,74.7,73.4,0.1,3480.6,256639.0
363,VNM,2024-09-13T13:54:03,74.7,73.4,0.4,3480.5,256632.0
364,VNM,2024-09-13T13:54:00,74.7,73.4,1.5,3470.8,255920.0
365,VNM,2024-09-13T13:53:59,74.7,73.4,10.0,3464.3,255443.0
366,VNM,2024-09-13T13:53:57,74.7,73.4,1.0,3454.3,254709.0
367,VNM,2024-09-13T13:53:44,74.7,73.3,0.4,3453.3,254635.0
368,VNM,2024-09-13T13:53:43,74.7,73.4,5.0,3451.4,254496.0
369,VNM,2024-09-13T13:53:39,74.7,73.3,1.3,3446.4,254129.0
370,VNM,2024-09-13T13:53:38,74.7,73.4,2.0,3442.1,253814.0
371,VNM,2024-09-13T13:53:33,74.7,73.3,0.2,3440.1,253667.0
372,VNM,2024-09-13T13:53:16,74.7,73.3,0.3,3439.2,253601.0
373,VNM,2024-09-13T13:53:11,74.7,73.4,0.1,3438.8,253572.0
374,VNM,2024-09-13T13:53:05,74.7,73.4,5.0,3438.7,253564.0
375,VNM,2024-09-13T13:52:49,74.7,73.3,0.2,3433.7,253197.0
376,VNM,2024-09-13T13:52:46,74.7,73.3,1.0,3433.3,253168.0
377,VNM,2024-09-13T13:52:43,74.7,73.3,0.7,3428.3,252801.0
378,VNM,2024-09-13T13:52:33,74.7,73.3,0.2,3427.1,252713.0
379,VNM,2024-09-13T13:52:31,74.7,73.3,2.7,3426.2,252647.0
380,VNM,2024-09-13T13:52:29,74.7,73.3,0.1,3423.5,252450.0
381,VNM,2024-09-13T13:52:28,74.7,73.3,0.5,3423.4,252442.0
382,VNM,2024-09-13T13:52:24,74.7,73.3,0.2,3422.9,252406.0
383,VNM,2024-09-13T13:52:23,74.7,73.3,0.4,3421.9,252332.0
384,VNM,2024-09-13T13:52:18,74.7,73.3,0.9,3421.5,252303.0
385,VNM,2024-09-13T13:52:16,74.7,73.3,1.0,3420.3,252215.0
386,VNM,2024-09-13T13:51:55,74.7,73.3,0.4,3417.8,252032.0
387,VNM,2024-09-13T13:51:51,74.7,73.3,0.1,3417.4,252002.0
388,VNM,2024-09-13T13:51:37,74.7,73.3,1.2,3417.3,251995.0
389,VNM,2024-09-13T13:51:33,74.7,73.3,0.1,3416.1,251907.0
390,VNM,2024-09-13T13:51:28,74.7,73.3,0.4,3416.0,251900.0
391,VNM,2024-09-13T13:51:22,74.7,73.3,0.5,3415.6,251870.0
392,VNM,2024-09-13T13:51:17,74.7,73.4,0.1,3415.1,251834.0
393,VNM,2024-09-13T13:51:02,74.7,73.3,0.4,3408.5,251350.0
394,VNM,2024-09-13T13:50:53,74.7,73.4,0.7,3408.1,251321.0
395,VNM,2024-09-13T13:50:52,74.7,73.3,15.8,3407.4,251269.0
396,VNM,2024-09-13T13:50:51,74.7,73.4,0.1,3307.4,243939.0
397,VNM,2024-09-13T13:50:48,74.7,73.3,0.6,3307.3,243932.0
398,VNM,2024-09-13T13:50:44,74.7,73.3,5.2,3306.7,243888.0
399,VNM,2024-09-13T13:50:38,74.7,73.4,0.1,3299.9,243390.0
400,VNM,2024-09-13T13:50:34,74.7,73.3,0.4,3296.8,243162.0
401,VNM,2024-09-13T13:50:24,74.7,73.4,1.0,3296.4,243133.0
402,VNM,2024-09-13T13:50:12,74.7,73.4,2.0,3295.4,243059.0
403,VNM,2024-09-13T13:50:08,74.7,73.3,0.4,3293.4,242912.0
404,VNM,2024-09-13T13:49:42,74.7,73.4,2.0,3293.0,242883.0
405,VNM,2024-09-13T13:49:41,74.7,73.4,0.1,3280.2,241944.0
406,VNM,2024-09-13T13:49:40,74.7,73.4,0.4,3277.8,241767.0
407,VNM,2024-09-13T13:49:31,74.7,73.5,0.1,3277.4,241738.0
408,VNM,2024-09-13T13:49:22,74.7,73.5,0.2,3277.3,241731.0
409,VNM,2024-09-13T13:49:03,74.7,73.4,0.1,3276.5,241672.0
410,VNM,2024-09-13T13:48:46,74.7,73.4,0.4,3272.5,241378.0
411,VNM,2024-09-13T13:48:20,74.7,73.4,0.2,3272.1,241349.0
412,VNM,2024-09-13T13:48:15,74.7,73.4,0.1,3259.1,240395.0
413,VNM,2024-09-13T13:47:53,74.7,73.4,0.4,3258.4,240343.0
414,VNM,2024-09-13T13:47:51,74.7,73.5,1.0,3258.0,240314.0
415,VNM,2024-09-13T13:47:26,74.7,73.5,0.1,3257.0,240241.0
416,VNM,2024-09-13T13:47:25,74.7,73.4,0.4,3256.9,240233.0
417,VNM,2024-09-13T13:47:20,74.7,73.5,0.1,3256.5,240204.0
418,VNM,2024-09-13T13:46:41,74.7,73.4,0.2,3256.4,240197.0
419,VNM,2024-09-13T13:46:38,74.7,73.4,0.4,3256.2,240182.0
420,VNM,2024-09-13T13:46:35,74.7,73.4,0.1,3254.8,240079.0
421,VNM,2024-09-13T13:46:34,74.7,73.4,0.5,3254.7,240072.0
422,VNM,2024-09-13T13:46:32,74.7,73.4,0.2,3252.7,239925.0
423,VNM,2024-09-13T13:46:29,74.7,73.4,0.5,3252.5,239910.0
424,VNM,2024-09-13T13:46:28,74.7,73.4,0.1,3252.0,239874.0
425,VNM,2024-09-13T13:46:27,74.7,73.4,1.2,3251.9,239866.0
426,VNM,2024-09-13T13:46:26,74.7,73.4,0.1,3250.7,239778.0
427,VNM,2024-09-13T13:46:24,74.7,73.3,0.4,3250.6,239771.0
428,VNM,2024-09-13T13:46:23,74.7,73.4,0.1,3250.2,239742.0
429,VNM,2024-09-13T13:46:21,74.7,73.4,1.3,3250.1,239734.0
430,VNM,2024-09-13T13:46:12,74.7,73.4,0.5,3247.8,239565.0
431,VNM,2024-09-13T13:46:10,74.7,73.4,0.8,3245.8,239419.0
432,VNM,2024-09-13T13:46:08,74.7,73.4,0.3,3241.8,239125.0
433,VNM,2024-09-13T13:46:05,74.7,73.4,1.1,3241.5,239103.0
434,VNM,2024-09-13T13:45:58,74.7,73.3,0.2,3237.3,238795.0
435,VNM,2024-09-13T13:45:58,74.7,73.4,0.1,3237.4,238802.0
436,VNM,2024-09-13T13:45:35,74.7,73.4,0.1,3236.7,238751.0
437,VNM,2024-09-13T13:45:33,74.7,73.3,1.4,3236.6,238744.0
438,VNM,2024-09-13T13:45:30,74.7,73.3,0.4,3235.2,238641.0
439,VNM,2024-09-13T13:45:25,74.7,73.4,10.0,3233.8,238538.0
440,VNM,2024-09-13T13:45:21,74.7,73.4,0.1,3223.8,237804.0
441,VNM,2024-09-13T13:45:04,74.7,73.3,0.4,3223.7,237797.0
442,VNM,2024-09-13T13:45:02,74.7,73.4,0.1,3223.3,237768.0
443,VNM,2024-09-13T13:44:59,74.7,73.4,0.2,3223.2,237760.0
444,VNM,2024-09-13T13:44:56,74.7,73.4,1.7,3223.0,237746.0
445,VNM,2024-09-13T13:44:50,74.7,73.4,0.4,3221.3,237621.0
446,VNM,2024-09-13T13:44:49,74.7,73.4,1.0,3213.4,237041.0
447,VNM,2024-09-13T13:44:48,74.7,73.4,0.5,3211.4,236894.0
448,VNM,2024-09-13T13:44:44,74.7,73.4,0.7,3209.4,236747.0
449,VNM,2024-09-13T13:44:37,74.7,73.4,0.4,3189.4,235279.0
450,VNM,2024-09-13T13:44:29,74.7,73.5,0.2,3189.0,235250.0
451,VNM,2024-09-13T13:44:09,74.7,73.4,0.1,3188.0,235177.0
452,VNM,2024-09-13T13:43:43,74.7,73.4,0.4,3186.2,235044.0
453,VNM,2024-09-13T13:43:33,74.7,73.4,0.1,3185.8,235015.0
454,VNM,2024-09-13T13:42:22,74.7,73.4,0.4,3184.9,234949.0
455,VNM,2024-09-13T13:42:17,74.7,73.4,0.3,3184.5,234920.0
456,VNM,2024-09-13T13:42:14,74.7,73.4,0.2,3183.3,234832.0
457,VNM,2024-09-13T13:42:10,74.7,73.4,0.1,3182.4,234766.0
458,VNM,2024-09-13T13:42:08,74.7,73.4,0.2,3182.3,234758.0
459,VNM,2024-09-13T13:42:04,74.7,73.4,0.6,3182.1,234744.0
460,VNM,2024-09-13T13:42:01,74.7,73.4,0.5,3181.5,234699.0
461,VNM,2024-09-13T13:41:59,74.7,73.5,0.1,3181.0,234663.0
462,VNM,2024-09-13T13:41:55,74.7,73.4,0.4,3180.9,234655.0
463,VNM,2024-09-13T13:41:43,74.7,73.4,0.2,3180.1,234597.0
464,VNM,2024-09-13T13:41:27,74.7,73.4,0.4,3179.9,234582.0
465,VNM,2024-09-13T13:41:08,74.7,73.4,0.1,3177.3,234391.0
466,VNM,2024-09-13T13:41:05,74.7,73.4,0.3,3177.2,234384.0
467,VNM,2024-09-13T13:41:01,74.7,73.4,0.4,3176.6,234340.0
468,VNM,2024-09-13T13:40:58,74.7,73.4,1.3,3176.2,234310.0
469,VNM,2024-09-13T13:40:47,74.7,73.4,0.1,3169.2,233797.0
470,VNM,2024-09-13T13:40:41,74.7,73.4,2.0,3169.1,233789.0
471,VNM,2024-09-13T13:40:33,74.7,73.4,0.4,3167.1,233643.0
472,VNM,2024-09-13T13:40:32,74.7,73.4,1.5,3166.7,233613.0
473,VNM,2024-09-13T13:40:26,74.7,73.5,0.3,3164.7,233466.0
474,VNM,2024-09-13T13:40:18,74.7,73.5,0.6,3164.4,233444.0
475,VNM,2024-09-13T13:40:06,74.7,73.4,0.4,3163.8,233400.0
476,VNM,2024-09-13T13:40:00,74.7,73.4,2.6,3163.4,233371.0
477,VNM,2024-09-13T13:39:56,74.7,73.4,2.0,3160.8,233180.0
478,VNM,2024-09-13T13:39:53,74.7,73.4,0.1,3158.8,233033.0
479,VNM,2024-09-13T13:39:50,74.7,73.4,0.2,3158.5,233011.0
480,VNM,2024-09-13T13:39:47,74.7,73.4,0.5,3158.3,232996.0
481,VNM,2024-09-13T13:39:40,74.7,73.4,0.1,3157.8,232960.0
482,VNM,2024-09-13T13:39:39,74.7,73.4,0.4,3153.4,232637.0
483,VNM,2024-09-13T13:39:31,74.7,73.4,0.1,3153.0,232607.0
484,VNM,2024-09-13T13:39:30,74.7,73.4,1.0,3152.9,232600.0
485,VNM,2024-09-13T13:39:12,74.7,73.4,0.1,3150.8,232446.0
486,VNM,2024-09-13T13:39:09,74.7,73.4,0.2,3150.4,232417.0
487,VNM,2024-09-13T13:38:54,74.7,73.4,0.1,3148.4,232270.0
488,VNM,2024-09-13T13:38:45,74.7,73.4,0.3,3148.3,232262.0
489,VNM,2024-09-13T13:38:21,74.7,73.4,0.1,3147.8,232226.0
490,VNM,2024-09-13T13:38:18,74.7,73.4,0.4,3147.7,232218.0
491,VNM,2024-09-13T13:37:52,74.7,73.4,0.1,3147.1,232174.0
492,VNM,2024-09-13T13:37:50,74.7,73.4,0.4,3146.7,232145.0
493,VNM,2024-09-13T13:37:36,74.7,73.4,0.2,3146.3,232116.0
494,VNM,2024-09-13T13:37:27,74.7,73.4,0.1,3140.9,231719.0
495,VNM,2024-09-13T13:37:26,74.7,73.4,0.2,3140.8,231712.0
496,VNM,2024-09-13T13:37:25,74.7,73.4,0.4,3139.8,231639.0
497,VNM,2024-09-13T13:37:24,74.7,73.4,0.5,3139.4,231609.0
498,VNM,2024-09-13T13:37:22,74.7,73.4,0.8,3137.9,231499.0
499,VNM,2024-09-13T13:37:20,74.7,73.4,0.3,3134.9,231279.0
500,VNM,2024-09-13T13:37:18,74.7,73.4,2.0,3134.6,231257.0
501,VNM,2024-09-13T13:37:14,74.7,73.5,0.1,3132.6,231110.0
502,VNM,2024-09-13T13:37:09,74.7,73.4,0.5,3132.5,231103.0
503,VNM,2024-09-13T13:36:43,74.7,73.3,6.6,3131.5,231029.0
504,VNM,2024-09-13T13:36:38,74.7,73.4,0.1,3110.5,229489.0
505,VNM,2024-09-13T13:36:36,74.7,73.4,1.0,3110.4,229481.0
506,VNM,2024-09-13T13:36:33,74.7,73.4,0.6,3109.4,229408.0
507,VNM,2024-09-13T13:36:29,74.7,73.3,0.5,3102.8,228924.0
508,VNM,2024-09-13T13:36:27,74.7,73.3,0.4,3098.8,228630.0
509,VNM,2024-09-13T13:36:26,74.7,73.4,1.0,3098.4,228601.0
510,VNM,2024-09-13T13:36:24,74.7,73.4,1.5,3097.4,228528.0
511,VNM,2024-09-13T13:36:23,74.7,73.4,0.3,3095.9,228418.0
512,VNM,2024-09-13T13:36:15,74.7,73.4,1.6,3083.5,227507.0
513,VNM,2024-09-13T13:36:12,74.7,73.4,0.1,3077.0,227030.0
514,VNM,2024-09-13T13:36:06,74.7,73.4,0.3,3076.9,227023.0
515,VNM,2024-09-13T13:36:05,74.7,73.4,1.0,3064.1,226083.0
516,VNM,2024-09-13T13:36:01,74.7,73.4,0.1,3061.3,225878.0
517,VNM,2024-09-13T13:35:59,74.7,73.4,0.4,3060.4,225812.0
518,VNM,2024-09-13T13:35:44,74.7,73.4,1.0,3060.0,225782.0
519,VNM,2024-09-13T13:35:34,74.7,73.4,1.9,3056.0,225489.0
520,VNM,2024-09-13T13:35:30,74.7,73.5,0.3,3036.0,224021.0
521,VNM,2024-09-13T13:35:24,74.7,73.5,0.5,3035.7,223999.0
522,VNM,2024-09-13T13:35:17,74.7,73.5,0.2,3035.2,223962.0
523,VNM,2024-09-13T13:35:15,74.7,73.5,0.1,3035.0,223947.0
524,VNM,2024-09-13T13:35:09,74.7,73.4,0.8,3034.9,223940.0
525,VNM,2024-09-13T13:35:07,74.7,73.5,0.3,3026.9,223352.0
526,VNM,2024-09-13T13:35:05,74.7,73.5,0.4,3024.6,223183.0
527,VNM,2024-09-13T13:35:04,74.7,73.5,0.5,3020.1,222852.0
528,VNM,2024-09-13T13:35:03,74.7,73.5,1.0,3016.6,222595.0
529,VNM,2024-09-13T13:35:00,74.7,73.4,0.4,3015.6,222521.0
530,VNM,2024-09-13T13:34:47,74.7,73.4,1.0,3010.2,222124.0
531,VNM,2024-09-13T13:34:33,74.7,73.4,0.4,3009.2,222051.0
532,VNM,2024-09-13T13:34:32,74.7,73.5,0.1,3008.7,222014.0
533,VNM,2024-09-13T13:34:30,74.7,73.5,2.0,3008.6,222007.0
534,VNM,2024-09-13T13:34:28,74.7,73.5,0.2,3006.6,221860.0
535,VNM,2024-09-13T13:34:27,74.7,73.4,0.8,3006.4,221845.0
536,VNM,2024-09-13T13:34:26,74.7,73.5,3.6,3005.6,221787.0
537,VNM,2024-09-13T13:34:25,74.7,73.4,0.7,3002.0,221522.0
538,VNM,2024-09-13T13:34:11,74.7,73.4,0.1,3001.3,221471.0
539,VNM,2024-09-13T13:34:07,74.7,73.4,0.8,3001.2,221463.0
540,VNM,2024-09-13T13:34:06,74.7,73.4,0.4,2998.0,221228.0
541,VNM,2024-09-13T13:34:05,74.7,73.4,2.2,2997.6,221199.0
542,VNM,2024-09-13T13:34:00,74.7,73.4,1.0,2991.4,220744.0
543,VNM,2024-09-13T13:33:57,74.7,73.4,2.0,2957.4,218245.0
544,VNM,2024-09-13T13:33:51,74.7,73.5,0.1,2955.4,218098.0
545,VNM,2024-09-13T13:33:50,74.7,73.3,2.0,2955.3,218091.0
546,VNM,2024-09-13T13:33:49,74.7,73.4,0.5,2953.3,217944.0
547,VNM,2024-09-13T13:33:48,74.7,73.5,0.1,2913.2,215001.0
548,VNM,2024-09-13T13:33:47,74.7,73.5,5.0,2913.1,214994.0
549,VNM,2024-09-13T13:33:46,74.7,73.5,0.2,2844.7,209966.0
550,VNM,2024-09-13T13:33:39,74.7,73.5,0.4,2658.2,196258.0
551,VNM,2024-09-13T13:33:31,74.7,73.5,3.1,2657.8,196229.0
552,VNM,2024-09-13T13:33:30,74.7,73.6,1.5,2627.7,194017.0
553,VNM,2024-09-13T13:33:17,74.7,73.6,5.0,2626.2,193906.0
554,VNM,2024-09-13T13:33:16,74.7,73.5,0.6,2620.2,193465.0
555,VNM,2024-09-13T13:33:12,74.7,73.5,0.4,2619.6,193421.0
556,VNM,2024-09-13T13:33:03,74.7,73.6,0.2,2617.8,193288.0
557,VNM,2024-09-13T13:32:55,74.7,73.6,0.4,2578.7,190410.0
558,VNM,2024-09-13T13:32:50,74.7,73.6,0.2,2552.5,188482.0
559,VNM,2024-09-13T13:32:46,74.7,73.6,0.4,2552.3,188467.0
560,VNM,2024-09-13T13:32:30,74.7,73.6,0.1,2551.9,188438.0
561,VNM,2024-09-13T13:32:18,74.7,73.6,0.4,2551.8,188431.0
562,VNM,2024-09-13T13:32:10,74.7,73.7,0.5,2551.4,188401.0
563,VNM,2024-09-13T13:31:47,74.7,73.7,0.4,2550.5,188335.0
564,VNM,2024-09-13T13:31:26,74.7,73.6,1.0,2550.1,188305.0
565,VNM,2024-09-13T13:31:25,74.7,73.6,0.4,2549.1,188232.0
566,VNM,2024-09-13T13:31:14,74.7,73.6,42.7,2548.7,188202.0
567,VNM,2024-09-13T13:30:55,74.7,73.7,0.1,2485.4,183543.0
568,VNM,2024-09-13T13:30:30,74.7,73.6,0.4,2485.2,183529.0
569,VNM,2024-09-13T13:30:20,74.7,73.7,0.8,2484.8,183499.0
570,VNM,2024-09-13T13:30:19,74.7,73.8,4.8,2470.0,182409.0
571,VNM,2024-09-13T13:30:15,74.7,73.7,0.7,2465.2,182054.0
572,VNM,2024-09-13T13:30:03,74.7,73.7,0.4,2389.8,176497.0
573,VNM,2024-09-13T13:29:59,74.7,73.7,0.5,2389.4,176468.0
574,VNM,2024-09-13T13:29:44,74.7,73.7,0.1,2388.8,176424.0
575,VNM,2024-09-13T13:29:36,74.7,73.7,0.4,2388.7,176416.0
576,VNM,2024-09-13T13:29:33,74.7,73.7,1.0,2388.3,176387.0
577,VNM,2024-09-13T13:29:27,74.7,73.8,3.1,2387.3,176313.0
578,VNM,2024-09-13T13:29:09,74.7,73.7,0.4,2379.9,175767.0
579,VNM,2024-09-13T13:29:08,74.7,73.8,0.2,2379.5,175737.0
580,VNM,2024-09-13T13:28:56,74.7,73.8,0.1,2379.3,175723.0
581,VNM,2024-09-13T13:28:42,74.7,73.7,0.4,2379.2,175715.0
582,VNM,2024-09-13T13:28:21,74.7,73.7,0.1,2378.8,175686.0
583,VNM,2024-09-13T13:28:18,74.7,73.7,0.2,2378.7,175678.0
584,VNM,2024-09-13T13:27:48,74.7,73.7,0.4,2378.1,175634.0
585,VNM,2024-09-13T13:27:35,74.7,73.7,2.0,2377.7,175605.0
586,VNM,2024-09-13T13:27:32,74.7,73.7,1.5,2375.7,175457.0
587,VNM,2024-09-13T13:27:22,74.7,73.7,0.5,2374.2,175347.0
588,VNM,2024-09-13T13:27:21,74.7,73.7,0.4,2373.7,175310.0
589,VNM,2024-09-13T13:26:58,74.7,73.7,0.1,2373.3,175281.0
590,VNM,2024-09-13T13:26:57,74.7,73.7,2.0,2373.2,175273.0
591,VNM,2024-09-13T13:26:54,74.7,73.7,0.1,2371.2,175126.0
592,VNM,2024-09-13T13:26:40,74.7,73.7,0.3,2370.7,175089.0
593,VNM,2024-09-13T13:26:27,74.7,73.7,0.4,2370.4,175067.0
594,VNM,2024-09-13T13:26:21,74.7,73.8,1.0,2370.0,175037.0
595,VNM,2024-09-13T13:26:04,74.7,73.8,2.0,2369.0,174963.0
596,VNM,2024-09-13T13:26:00,74.7,73.7,0.4,2367.0,174816.0
597,VNM,2024-09-13T13:25:38,74.7,73.7,1.4,2365.2,174683.0
598,VNM,2024-09-13T13:25:37,74.7,73.8,2.0,2363.8,174580.0
599,VNM,2024-09-13T13:25:34,74.7,73.8,0.2,2361.8,174432.0
600,VNM,2024-09-13T13:25:27,74.7,73.8,0.4,2361.2,174388.0
601,VNM,2024-09-13T13:25:09,74.7,73.8,0.1,2360.2,174314.0
602,VNM,2024-09-13T13:25:07,74.7,73.8,4.0,2360.1,174307.0
603,VNM,2024-09-13T13:25:06,74.7,73.7,0.4,2356.1,174012.0
604,VNM,2024-09-13T13:24:45,74.7,73.8,0.1,2355.7,173982.0
605,VNM,2024-09-13T13:24:38,74.7,73.7,0.4,2355.6,173975.0
606,VNM,2024-09-13T13:24:24,74.7,73.7,0.5,2355.2,173945.0
607,VNM,2024-09-13T13:24:10,74.7,73.8,0.1,2354.6,173901.0
608,VNM,2024-09-13T13:24:02,74.7,73.8,0.4,2354.5,173894.0
609,VNM,2024-09-13T13:23:57,74.7,73.8,0.3,2354.0,173857.0
610,VNM,2024-09-13T13:23:52,74.7,73.8,2.0,2353.5,173820.0
611,VNM,2024-09-13T13:23:47,74.7,73.8,0.1,2351.3,173658.0
612,VNM,2024-09-13T13:23:47,74.7,73.7,0.2,2351.5,173672.0
613,VNM,2024-09-13T13:23:41,74.7,73.7,0.4,2351.2,173650.0
614,VNM,2024-09-13T13:23:33,74.7,73.8,0.1,2350.8,173621.0
615,VNM,2024-09-13T13:23:29,74.7,73.8,1.4,2348.9,173481.0
616,VNM,2024-09-13T13:23:14,74.7,73.8,0.4,2344.9,173185.0
617,VNM,2024-09-13T13:23:09,74.7,73.8,9.6,2344.5,173156.0
618,VNM,2024-09-13T13:22:58,74.7,73.9,1.8,2334.5,172418.0
619,VNM,2024-09-13T13:22:49,74.7,73.8,0.1,2332.7,172285.0
620,VNM,2024-09-13T13:22:47,74.7,73.8,0.4,2332.6,172278.0
621,VNM,2024-09-13T13:22:33,74.7,73.8,0.9,2332.2,172248.0
622,VNM,2024-09-13T13:22:20,74.7,73.8,0.4,2331.3,172182.0
623,VNM,2024-09-13T13:22:01,74.7,73.8,0.1,2330.9,172152.0
624,VNM,2024-09-13T13:21:59,74.7,73.9,0.2,2330.8,172145.0
625,VNM,2024-09-13T13:21:31,74.7,73.8,0.4,2330.2,172100.0
626,VNM,2024-09-13T13:21:27,74.7,73.8,2.0,2272.5,167842.0
627,VNM,2024-09-13T13:21:26,74.7,73.7,0.1,2270.5,167695.0
628,VNM,2024-09-13T13:21:23,74.7,73.7,0.4,2270.4,167687.0
629,VNM,2024-09-13T13:21:08,74.7,73.8,0.1,2270.0,167658.0
630,VNM,2024-09-13T13:20:58,74.7,73.8,22.4,2269.9,167650.0
631,VNM,2024-09-13T13:20:56,74.7,73.7,0.4,2247.5,165997.0
632,VNM,2024-09-13T13:20:54,74.7,73.8,5.0,2247.1,165968.0
633,VNM,2024-09-13T13:20:50,74.7,73.8,0.3,2242.1,165599.0
634,VNM,2024-09-13T13:20:28,74.7,73.7,0.4,2241.8,165577.0
635,VNM,2024-09-13T13:20:23,74.7,73.8,3.0,2241.4,165547.0
636,VNM,2024-09-13T13:20:11,74.7,73.8,0.5,2238.4,165326.0
637,VNM,2024-09-13T13:20:03,74.7,73.7,0.1,2237.9,165289.0
638,VNM,2024-09-13T13:20:02,74.7,73.7,0.4,2237.8,165281.0
639,VNM,2024-09-13T13:19:53,74.7,73.8,5.0,2237.4,165252.0
640,VNM,2024-09-13T13:19:49,74.7,73.8,1.0,2232.4,164883.0
641,VNM,2024-09-13T13:19:36,74.7,73.7,0.8,2231.4,164809.0
642,VNM,2024-09-13T13:19:34,74.7,73.7,0.4,2230.6,164750.0
643,VNM,2024-09-13T13:19:19,74.7,73.7,0.9,2230.2,164721.0
644,VNM,2024-09-13T13:19:17,74.7,73.7,0.3,2229.3,164654.0
645,VNM,2024-09-13T13:19:12,74.7,73.7,1.9,2229.0,164632.0
646,VNM,2024-09-13T13:19:08,74.7,73.7,0.4,2227.1,164492.0
647,VNM,2024-09-13T13:19:02,74.7,73.8,0.5,2226.7,164463.0
648,VNM,2024-09-13T13:18:41,74.7,73.7,0.4,2226.2,164426.0
649,VNM,2024-09-13T13:18:30,74.7,73.8,0.7,2225.8,164396.0
650,VNM,2024-09-13T13:18:14,74.7,73.7,0.4,2225.1,164345.0
651,VNM,2024-09-13T13:18:11,74.7,73.8,0.1,2224.7,164315.0
652,VNM,2024-09-13T13:17:49,74.7,73.8,0.2,2224.6,164308.0
653,VNM,2024-09-13T13:17:47,74.7,73.7,0.4,2224.4,164293.0
654,VNM,2024-09-13T13:17:19,74.7,73.7,0.1,2224.0,164264.0
655,VNM,2024-09-13T13:17:03,74.7,73.8,0.2,2223.6,164234.0
656,VNM,2024-09-13T13:16:26,74.7,73.7,0.4,2223.0,164190.0
657,VNM,2024-09-13T13:15:54,74.7,73.7,0.1,2222.6,164160.0
658,VNM,2024-09-13T13:15:31,74.7,73.7,1.1,2222.5,164153.0
659,VNM,2024-09-13T13:15:24,74.7,73.7,0.1,2221.0,164042.0
660,VNM,2024-09-13T13:15:23,74.7,73.7,0.4,2220.9,164035.0
661,VNM,2024-09-13T13:15:22,74.7,73.7,0.5,2219.9,163961.0
662,VNM,2024-09-13T13:15:21,74.7,73.7,0.8,2219.4,163925.0
663,VNM,2024-09-13T13:15:03,74.7,73.7,0.3,2218.4,163851.0
664,VNM,2024-09-13T13:14:58,74.7,73.6,0.4,2213.4,163482.0
665,VNM,2024-09-13T13:14:56,74.7,73.7,0.1,2213.0,163453.0
666,VNM,2024-09-13T13:14:41,74.7,73.7,5.9,2212.9,163446.0
667,VNM,2024-09-13T13:14:40,74.7,73.6,0.9,2182.9,161235.0
668,VNM,2024-09-13T13:14:36,74.7,73.7,0.1,2182.0,161168.0
669,VNM,2024-09-13T13:14:33,74.7,73.6,0.7,2181.9,161161.0
670,VNM,2024-09-13T13:14:31,74.7,73.6,0.4,2181.0,161095.0
671,VNM,2024-09-13T13:14:27,74.7,73.7,10.0,2180.6,161065.0
672,VNM,2024-09-13T13:14:05,74.7,73.7,0.2,2170.6,160328.0
673,VNM,2024-09-13T13:14:04,74.7,73.6,0.1,2170.4,160313.0
674,VNM,2024-09-13T13:13:56,74.7,73.7,1.0,2170.0,160284.0
675,VNM,2024-09-13T13:13:43,74.7,73.7,0.2,2169.0,160210.0
676,VNM,2024-09-13T13:13:36,74.7,73.6,0.4,2168.8,160196.0
677,VNM,2024-09-13T13:13:25,74.7,73.7,0.3,2168.4,160166.0
678,VNM,2024-09-13T13:13:08,74.7,73.6,0.1,2167.6,160107.0
679,VNM,2024-09-13T13:12:42,74.7,73.6,0.4,2167.5,160100.0
680,VNM,2024-09-13T13:12:40,74.7,73.7,0.3,2167.1,160070.0
681,VNM,2024-09-13T13:12:15,74.7,73.6,0.4,2166.8,160048.0
682,VNM,2024-09-13T13:12:02,74.7,73.7,4.6,2166.4,160019.0
683,VNM,2024-09-13T13:11:59,74.7,73.6,0.5,2161.8,159680.0
684,VNM,2024-09-13T13:11:53,74.7,73.6,0.9,2161.3,159643.0
685,VNM,2024-09-13T13:11:49,74.7,73.6,0.4,2160.4,159577.0
686,VNM,2024-09-13T13:11:37,74.7,73.6,0.1,2159.9,159540.0
687,VNM,2024-09-13T13:11:29,74.7,73.6,0.9,2159.8,159533.0
688,VNM,2024-09-13T13:10:27,74.7,73.6,0.4,2157.4,159356.0
689,VNM,2024-09-13T13:10:22,74.7,73.6,0.1,2157.0,159327.0
690,VNM,2024-09-13T13:10:18,74.7,73.6,0.5,2156.9,159319.0
691,VNM,2024-09-13T13:10:14,74.7,73.7,0.2,2156.4,159282.0
692,VNM,2024-09-13T13:09:33,74.7,73.6,0.4,2155.8,159238.0
693,VNM,2024-09-13T13:09:10,74.7,73.7,0.1,2155.3,159201.0
694,VNM,2024-09-13T13:09:06,74.7,73.6,0.4,2155.2,159194.0
695,VNM,2024-09-13T13:08:59,74.7,73.6,0.1,2154.8,159165.0
696,VNM,2024-09-13T13:08:40,74.7,73.6,0.4,2154.7,159157.0
697,VNM,2024-09-13T13:08:31,74.7,73.6,0.5,2154.3,159128.0
698,VNM,2024-09-13T13:08:26,74.7,73.7,0.1,2153.8,159091.0
699,VNM,2024-09-13T13:08:25,74.7,73.6,0.9,2153.7,159084.0
700,VNM,2024-09-13T13:08:12,74.7,73.6,0.4,2152.8,159017.0
701,VNM,2024-09-13T13:07:50,74.7,73.6,0.1,2152.3,158981.0
702,VNM,2024-09-13T13:07:47,74.7,73.7,0.5,2152.2,158973.0
703,VNM,2024-09-13T13:07:28,74.7,73.7,0.3,2147.8,158649.0
704,VNM,2024-09-13T13:07:18,74.7,73.6,0.4,2147.5,158627.0
705,VNM,2024-09-13T13:06:51,74.7,73.6,0.1,2147.1,158597.0
706,VNM,2024-09-13T13:06:24,74.7,73.6,0.4,2146.7,158568.0
707,VNM,2024-09-13T13:06:13,74.7,73.6,0.1,2146.3,158539.0
708,VNM,2024-09-13T13:05:57,74.7,73.6,0.4,2146.2,158531.0
709,VNM,2024-09-13T13:05:54,74.7,73.6,0.5,2145.8,158502.0
710,VNM,2024-09-13T13:05:33,74.7,73.7,0.2,2145.3,158465.0
711,VNM,2024-09-13T13:05:30,74.7,73.6,0.4,2145.1,158450.0
712,VNM,2024-09-13T13:05:03,74.7,73.7,0.5,2144.3,158391.0
713,VNM,2024-09-13T13:05:03,74.7,73.6,0.1,2144.7,158421.0
714,VNM,2024-09-13T13:05:01,74.7,73.6,0.3,2143.8,158354.0
715,VNM,2024-09-13T13:04:53,74.7,73.7,0.1,2143.3,158318.0
716,VNM,2024-09-13T13:04:44,74.7,73.7,2.7,2143.2,158310.0
717,VNM,2024-09-13T13:04:09,74.7,73.6,0.4,2139.6,158045.0
718,VNM,2024-09-13T13:03:44,74.7,73.6,0.2,2139.2,158016.0
719,VNM,2024-09-13T13:03:42,74.7,73.6,0.4,2139.0,158001.0
720,VNM,2024-09-13T13:03:27,74.7,73.6,0.1,2138.6,157971.0
721,VNM,2024-09-13T13:03:22,74.7,73.6,0.5,2138.5,157964.0
722,VNM,2024-09-13T13:03:15,74.7,73.6,0.4,2138.0,157927.0
723,VNM,2024-09-13T13:03:14,74.7,73.6,0.6,2137.6,157898.0
724,VNM,2024-09-13T13:02:48,74.7,73.6,0.4,2137.0,157854.0
725,VNM,2024-09-13T13:02:45,74.7,73.6,3.0,2136.6,157824.0
726,VNM,2024-09-13T13:02:32,74.7,73.6,0.8,2126.6,157088.0
727,VNM,2024-09-13T13:02:21,74.7,73.6,0.4,2125.8,157029.0
728,VNM,2024-09-13T13:02:04,74.7,73.6,0.1,2125.3,156993.0
729,VNM,2024-09-13T13:02:00,74.7,73.6,1.3,2125.2,156985.0
730,VNM,2024-09-13T13:01:41,74.7,73.6,0.3,2123.5,156860.0
731,VNM,2024-09-13T13:01:26,74.7,73.6,0.4,2123.2,156838.0
732,VNM,2024-09-13T13:01:22,74.7,73.6,2.0,2122.8,156809.0
733,VNM,2024-09-13T13:01:14,74.7,73.6,0.2,2120.8,156661.0
734,VNM,2024-09-13T13:00:59,74.7,73.6,2.0,2120.6,156647.0
735,VNM,2024-09-13T13:00:59,74.7,73.6,0.5,2108.6,155763.0
736,VNM,2024-09-13T13:00:58,74.7,73.6,0.6,2106.9,155638.0
737,VNM,2024-09-13T13:00:57,74.7,73.6,2.3,2106.3,155594.0
738,VNM,2024-09-13T13:00:53,74.7,73.7,1.0,2103.0,155351.0
739,VNM,2024-09-13T13:00:52,74.7,73.7,0.1,2102.0,155278.0
740,VNM,2024-09-13T13:00:49,74.7,73.7,0.7,2101.9,155270.0
741,VNM,2024-09-13T13:00:47,74.7,73.7,2.0,2096.9,154902.0
742,VNM,2024-09-13T13:00:46,74.7,73.7,0.3,2094.9,154754.0
743,VNM,2024-09-13T13:00:45,74.7,73.7,0.2,2094.6,154732.0
744,VNM,2024-09-13T13:00:44,74.7,73.7,0.5,2094.4,154717.0
745,VNM,2024-09-13T13:00:44,74.7,73.6,0.9,2093.9,154681.0
746,VNM,2024-09-13T13:00:42,74.7,73.7,0.1,2091.9,154533.0
747,VNM,2024-09-13T13:00:39,74.7,73.6,0.7,2091.8,154526.0
748,VNM,2024-09-13T13:00:35,74.7,73.6,0.6,2091.1,154474.0
749,VNM,2024-09-13T13:00:34,74.7,73.7,0.5,2090.5,154430.0
750,VNM,2024-09-13T13:00:23,74.7,73.7,0.1,2087.9,154239.0
751,VNM,2024-09-13T11:29:37,74.7,73.7,0.3,2087.8,154231.0
752,VNM,2024-09-13T11:29:14,74.7,73.7,0.8,2087.5,154209.0
753,VNM,2024-09-13T11:28:49,74.7,73.6,0.4,2086.1,154106.0
754,VNM,2024-09-13T11:28:36,74.7,73.7,0.3,2085.7,154077.0
755,VNM,2024-09-13T11:28:27,74.7,73.7,10.0,2085.4,154055.0
756,VNM,2024-09-13T11:28:22,74.7,73.6,0.4,2075.4,153318.0
757,VNM,2024-09-13T11:27:57,74.7,73.7,0.2,2075.0,153288.0
758,VNM,2024-09-13T11:27:55,74.7,73.6,0.4,2074.8,153273.0
759,VNM,2024-09-13T11:27:26,74.7,73.7,0.1,2074.3,153237.0
760,VNM,2024-09-13T11:27:25,74.7,73.7,0.6,2074.2,153229.0
761,VNM,2024-09-13T11:27:12,74.7,73.7,0.4,2070.3,152942.0
762,VNM,2024-09-13T11:27:05,74.7,73.7,0.6,2068.6,152817.0
763,VNM,2024-09-13T11:26:58,74.7,73.6,0.4,2066.6,152669.0
764,VNM,2024-09-13T11:26:52,74.7,73.7,0.5,2066.2,152640.0
765,VNM,2024-09-13T11:26:42,74.7,73.7,2.0,2063.2,152419.0
766,VNM,2024-09-13T11:26:38,74.7,73.7,0.7,2061.2,152271.0
767,VNM,2024-09-13T11:26:32,74.7,73.7,0.1,2060.5,152220.0
768,VNM,2024-09-13T11:26:31,74.7,73.7,0.3,2060.4,152212.0
769,VNM,2024-09-13T11:26:30,74.7,73.6,0.4,2060.1,152190.0
770,VNM,2024-09-13T11:26:23,74.7,73.7,5.0,2058.7,152087.0
771,VNM,2024-09-13T11:26:15,74.7,73.7,0.1,2053.7,151718.0
772,VNM,2024-09-13T11:26:07,74.7,73.7,0.2,2053.6,151711.0
773,VNM,2024-09-13T11:26:03,74.7,73.6,0.4,2053.4,151696.0
774,VNM,2024-09-13T11:26:01,74.7,73.7,0.9,2053.0,151667.0
775,VNM,2024-09-13T11:25:37,74.7,73.7,0.3,2052.1,151601.0
776,VNM,2024-09-13T11:25:37,74.7,73.6,0.2,2051.8,151578.0
777,VNM,2024-09-13T11:25:10,74.7,73.6,0.1,2051.3,151542.0
778,VNM,2024-09-13T11:25:09,74.7,73.6,0.4,2051.2,151534.0
779,VNM,2024-09-13T11:24:58,74.7,73.6,4.3,2050.8,151505.0
780,VNM,2024-09-13T11:24:43,74.7,73.7,0.1,2043.8,150990.0
781,VNM,2024-09-13T11:24:42,74.7,73.6,0.3,2043.7,150982.0
782,VNM,2024-09-13T11:24:16,74.7,73.6,2.5,2043.0,150931.0
783,VNM,2024-09-13T11:24:15,74.7,73.6,0.4,2040.0,150710.0
784,VNM,2024-09-13T11:24:08,74.7,73.6,0.1,2039.6,150681.0
785,VNM,2024-09-13T11:24:07,74.7,73.6,0.5,2025.7,149657.0
786,VNM,2024-09-13T11:23:32,74.7,73.6,0.1,2025.0,149606.0
787,VNM,2024-09-13T11:23:30,74.7,73.6,0.4,2024.9,149599.0
788,VNM,2024-09-13T11:23:18,74.7,73.5,0.8,2018.4,149120.0
789,VNM,2024-09-13T11:23:17,74.7,73.5,0.3,2016.8,149003.0
790,VNM,2024-09-13T11:23:10,74.7,73.6,0.1,2016.2,148958.0
791,VNM,2024-09-13T11:23:09,74.7,73.6,1.0,2016.1,148951.0
792,VNM,2024-09-13T11:23:06,74.7,73.6,0.5,2012.6,148694.0
793,VNM,2024-09-13T11:22:56,74.7,73.6,15.0,2002.6,147958.0
794,VNM,2024-09-13T11:22:50,74.7,73.6,0.4,1987.6,146854.0
795,VNM,2024-09-13T11:22:45,74.7,73.6,83.3,1987.2,146824.0
796,VNM,2024-09-13T11:22:31,74.7,73.6,0.1,1795.3,132700.0
797,VNM,2024-09-13T11:22:26,74.7,73.6,2.8,1787.2,132104.0
798,VNM,2024-09-13T11:22:24,74.7,73.6,0.1,1784.2,131883.0
799,VNM,2024-09-13T11:22:23,74.7,73.6,0.4,1784.1,131876.0
800,VNM,2024-09-13T11:21:57,74.7,73.7,5.0,1783.7,131846.0
801,VNM,2024-09-13T11:21:56,74.7,73.7,0.3,1747.6,129186.0
802,VNM,2024-09-13T11:21:47,74.7,73.8,0.2,1747.0,129142.0
803,VNM,2024-09-13T11:21:39,74.7,73.7,1.7,1746.8,129127.0
804,VNM,2024-09-13T11:21:28,74.7,73.7,0.4,1734.8,128243.0
805,VNM,2024-09-13T11:21:22,74.7,73.8,0.1,1734.4,128213.0
806,VNM,2024-09-13T11:21:01,74.7,73.7,0.4,1734.3,128206.0
807,VNM,2024-09-13T11:20:41,74.7,73.8,1.0,1733.9,128176.0
808,VNM,2024-09-13T11:20:34,74.7,73.7,0.4,1732.9,128102.0
809,VNM,2024-09-13T11:20:16,74.7,73.8,0.1,1732.5,128073.0
810,VNM,2024-09-13T11:19:41,74.7,73.7,0.4,1732.0,128036.0
811,VNM,2024-09-13T11:19:38,74.7,73.7,0.1,1731.6,128007.0
812,VNM,2024-09-13T11:18:47,74.7,73.7,0.4,1731.1,127970.0
813,VNM,2024-09-13T11:18:20,74.7,73.7,1.0,1719.7,127130.0
814,VNM,2024-09-13T11:18:19,74.7,73.7,0.4,1718.7,127056.0
815,VNM,2024-09-13T11:18:15,74.7,73.7,0.1,1718.3,127026.0
816,VNM,2024-09-13T11:18:14,74.7,73.7,4.0,1718.2,127019.0
817,VNM,2024-09-13T11:17:52,74.7,73.7,0.4,1714.2,126724.0
818,VNM,2024-09-13T11:17:48,74.7,73.7,6.0,1713.8,126695.0
819,VNM,2024-09-13T11:17:42,74.7,73.8,0.1,1707.8,126253.0
820,VNM,2024-09-13T11:17:40,74.7,73.7,7.2,1707.7,126245.0
821,VNM,2024-09-13T11:17:33,74.7,73.7,0.1,1700.5,125714.0
822,VNM,2024-09-13T11:17:31,74.7,73.7,37.6,1687.7,124771.0
823,VNM,2024-09-13T11:17:25,74.7,73.7,0.4,1635.6,120931.0
824,VNM,2024-09-13T11:17:12,74.7,73.8,0.5,1635.2,120902.0
825,VNM,2024-09-13T11:16:54,74.7,73.8,0.4,1634.3,120835.0
826,VNM,2024-09-13T11:16:52,74.7,73.8,0.1,1477.4,109256.0
827,VNM,2024-09-13T11:16:32,74.7,73.8,0.4,1477.3,109249.0
828,VNM,2024-09-13T11:16:29,74.7,73.9,0.8,1476.9,109219.0
829,VNM,2024-09-13T11:16:11,74.7,73.9,0.5,1474.4,109035.0
830,VNM,2024-09-13T11:15:37,74.7,73.8,0.4,1473.5,108968.0
831,VNM,2024-09-13T11:15:16,74.7,73.8,0.1,1472.1,108865.0
832,VNM,2024-09-13T11:15:14,74.7,73.9,0.5,1471.2,108798.0
833,VNM,2024-09-13T11:14:44,74.7,73.8,0.4,1470.3,108732.0
834,VNM,2024-09-13T11:14:23,74.7,73.9,0.1,1469.9,108702.0
835,VNM,2024-09-13T11:14:16,74.7,73.8,0.4,1469.8,108695.0
836,VNM,2024-09-13T11:14:14,74.7,73.8,4.0,1469.4,108666.0
837,VNM,2024-09-13T11:14:06,74.7,73.8,0.1,1465.4,108370.0
838,VNM,2024-09-13T11:13:22,74.7,73.8,0.4,1464.9,108333.0
839,VNM,2024-09-13T11:13:12,74.7,73.8,0.2,1464.5,108304.0
840,VNM,2024-09-13T11:12:55,74.7,73.8,0.4,1464.3,108289.0
841,VNM,2024-09-13T11:12:43,74.7,73.8,0.1,1463.9,108260.0
842,VNM,2024-09-13T11:11:35,74.7,73.8,0.4,1463.0,108193.0
843,VNM,2024-09-13T11:11:08,74.7,73.9,0.1,1462.6,108164.0
844,VNM,2024-09-13T11:10:13,74.7,73.8,0.4,1461.7,108097.0
845,VNM,2024-09-13T11:10:08,74.7,73.9,0.2,1461.3,108068.0
846,VNM,2024-09-13T11:09:54,74.7,73.9,0.1,1461.1,108053.0
847,VNM,2024-09-13T11:09:46,74.7,73.8,0.2,1461.0,108046.0
848,VNM,2024-09-13T11:09:45,74.7,73.9,0.5,1460.6,108016.0
849,VNM,2024-09-13T11:09:44,74.7,73.9,4.0,1460.1,107979.0
850,VNM,2024-09-13T11:09:19,74.7,73.8,0.4,1456.1,107683.0
851,VNM,2024-09-13T11:09:16,74.7,73.9,0.1,1455.7,107654.0
852,VNM,2024-09-13T11:09:10,74.7,73.9,0.3,1455.6,107647.0
853,VNM,2024-09-13T11:08:52,74.7,73.8,0.2,1455.1,107610.0
854,VNM,2024-09-13T11:08:25,74.7,73.8,0.1,1454.5,107565.0
855,VNM,2024-09-13T11:07:58,74.7,73.8,0.4,1454.1,107536.0
856,VNM,2024-09-13T11:07:31,74.7,73.8,0.5,1453.7,107506.0
857,VNM,2024-09-13T11:07:23,74.7,73.8,0.3,1453.2,107469.0
858,VNM,2024-09-13T11:07:07,74.7,73.9,0.5,1452.9,107447.0
859,VNM,2024-09-13T11:07:04,74.7,73.8,0.4,1452.4,107410.0
860,VNM,2024-09-13T11:06:56,74.7,73.9,0.1,1452.0,107381.0
861,VNM,2024-09-13T11:06:37,74.7,73.8,0.4,1451.9,107373.0
862,VNM,2024-09-13T11:06:10,74.7,73.8,0.5,1449.0,107159.0
863,VNM,2024-09-13T11:06:09,74.7,73.9,0.9,1448.5,107122.0
864,VNM,2024-09-13T11:05:52,74.7,73.9,1.6,1447.6,107056.0
865,VNM,2024-09-13T11:05:48,74.7,73.9,0.2,1446.0,106937.0
866,VNM,2024-09-13T11:05:43,74.7,73.8,0.4,1445.7,106915.0
867,VNM,2024-09-13T11:05:35,74.7,73.9,0.1,1445.3,106886.0
868,VNM,2024-09-13T11:05:19,74.7,73.9,1.0,1445.2,106878.0
869,VNM,2024-09-13T11:04:49,74.7,73.8,0.4,1443.8,106775.0
870,VNM,2024-09-13T11:04:34,74.7,73.8,0.5,1443.4,106745.0
871,VNM,2024-09-13T11:04:25,74.7,73.8,0.1,1442.9,106709.0
872,VNM,2024-09-13T11:04:22,74.7,73.8,0.4,1442.8,106701.0
873,VNM,2024-09-13T11:04:11,74.7,73.8,0.3,1442.4,106672.0
874,VNM,2024-09-13T11:03:28,74.7,73.8,0.4,1441.7,106620.0
875,VNM,2024-09-13T11:03:23,74.7,73.8,1.0,1440.3,106517.0
876,VNM,2024-09-13T11:03:20,74.7,73.8,1.4,1439.3,106443.0
877,VNM,2024-09-13T11:03:02,74.7,73.8,0.1,1436.4,106229.0
878,VNM,2024-09-13T11:03:01,74.7,73.8,0.4,1436.3,106221.0
879,VNM,2024-09-13T11:02:45,74.7,73.8,0.1,1435.9,106192.0
880,VNM,2024-09-13T11:02:16,74.7,73.8,0.4,1435.4,106155.0
881,VNM,2024-09-13T11:02:13,74.7,73.9,0.2,1435.0,106125.0
882,VNM,2024-09-13T11:01:59,74.7,73.8,0.4,1434.4,106081.0
883,VNM,2024-09-13T11:01:40,74.7,73.8,0.5,1434.0,106052.0
884,VNM,2024-09-13T11:01:24,74.7,73.9,0.1,1433.5,106015.0
885,VNM,2024-09-13T11:01:17,74.7,73.8,1.0,1433.4,106007.0
886,VNM,2024-09-13T11:01:13,74.7,73.8,0.4,1432.4,105934.0
887,VNM,2024-09-13T11:01:07,74.7,73.8,4.4,1432.0,105904.0
888,VNM,2024-09-13T11:00:58,74.7,73.9,1.9,1422.0,105166.0
889,VNM,2024-09-13T11:00:45,74.7,73.8,0.4,1420.1,105026.0
890,VNM,2024-09-13T11:00:34,74.7,73.9,0.2,1419.7,104996.0
891,VNM,2024-09-13T11:00:22,74.7,73.9,0.1,1419.5,104981.0
892,VNM,2024-09-13T11:00:21,74.7,73.9,0.3,1419.4,104974.0
893,VNM,2024-09-13T11:00:19,74.7,73.8,0.4,1419.1,104952.0
894,VNM,2024-09-13T11:00:10,74.7,73.9,0.1,1418.7,104922.0
895,VNM,2024-09-13T10:59:52,74.7,73.8,0.4,1418.6,104915.0
896,VNM,2024-09-13T10:59:29,74.7,73.9,0.1,1418.2,104885.0
897,VNM,2024-09-13T10:59:25,74.7,73.8,0.5,1418.1,104878.0
898,VNM,2024-09-13T10:59:09,74.7,73.9,0.1,1417.6,104841.0
899,VNM,2024-09-13T10:59:05,74.7,73.8,0.3,1417.5,104834.0
900,VNM,2024-09-13T10:59:02,74.7,73.8,0.2,1417.2,104812.0
901,VNM,2024-09-13T10:58:58,74.7,73.8,0.5,1417.0,104797.0
902,VNM,2024-09-13T10:58:54,74.7,73.8,0.1,1416.5,104760.0
903,VNM,2024-09-13T10:58:31,74.7,73.8,0.4,1416.4,104752.0
904,VNM,2024-09-13T10:58:08,74.7,73.8,1.0,1414.0,104575.0
905,VNM,2024-09-13T10:58:06,74.7,73.8,0.4,1413.0,104502.0
906,VNM,2024-09-13T10:58:03,74.7,73.9,1.1,1412.6,104472.0
907,VNM,2024-09-13T10:57:37,74.7,73.8,0.4,1407.1,104066.0
908,VNM,2024-09-13T10:57:30,74.7,73.8,0.1,1406.7,104036.0
909,VNM,2024-09-13T10:57:10,74.7,73.8,0.4,1406.6,104029.0
910,VNM,2024-09-13T10:56:57,74.7,73.9,0.1,1406.2,103999.0
911,VNM,2024-09-13T10:56:43,74.7,73.8,0.5,1406.1,103992.0
912,VNM,2024-09-13T10:56:16,74.7,73.8,0.4,1405.6,103955.0
913,VNM,2024-09-13T10:56:13,74.7,73.9,5.0,1405.2,103925.0
914,VNM,2024-09-13T10:56:07,74.7,73.8,0.1,1400.2,103556.0
915,VNM,2024-09-13T10:55:48,74.7,73.8,0.4,1400.1,103549.0
916,VNM,2024-09-13T10:55:31,74.7,73.9,1.0,1399.7,103519.0
917,VNM,2024-09-13T10:55:22,74.7,73.9,0.4,1308.7,96794.0
918,VNM,2024-09-13T10:55:10,74.7,73.9,0.2,1308.3,96765.0
919,VNM,2024-09-13T10:54:55,74.7,73.9,0.3,1308.1,96750.0
920,VNM,2024-09-13T10:54:54,74.7,73.9,0.4,1307.6,96713.0
921,VNM,2024-09-13T10:54:53,74.7,74.0,2.0,1307.2,96683.0
922,VNM,2024-09-13T10:54:44,74.7,73.9,0.1,1305.2,96535.0
923,VNM,2024-09-13T10:54:00,74.7,73.9,0.4,1304.7,96498.0
924,VNM,2024-09-13T10:53:46,74.7,74.0,0.1,1304.3,96469.0
925,VNM,2024-09-13T10:53:33,74.7,73.9,0.4,1304.2,96461.0
926,VNM,2024-09-13T10:53:21,74.7,73.9,0.1,1303.8,96432.0
927,VNM,2024-09-13T10:53:06,74.7,73.9,0.4,1303.7,96424.0
928,VNM,2024-09-13T10:52:40,74.7,73.9,0.5,1303.3,96395.0
929,VNM,2024-09-13T10:52:19,74.7,74.0,0.3,1302.8,96358.0
930,VNM,2024-09-13T10:51:58,74.7,73.9,0.1,1302.1,96306.0
931,VNM,2024-09-13T10:51:45,74.7,73.9,0.5,1302.0,96299.0
932,VNM,2024-09-13T10:51:18,74.7,73.9,0.4,1301.5,96262.0
933,VNM,2024-09-13T10:50:51,74.7,73.9,0.5,1301.1,96232.0
934,VNM,2024-09-13T10:50:46,74.7,74.0,0.1,1300.6,96195.0
935,VNM,2024-09-13T10:50:40,74.7,74.0,0.2,1294.6,95751.0
936,VNM,2024-09-13T10:50:36,74.7,74.0,0.1,1294.4,95736.0
937,VNM,2024-09-13T10:50:25,74.7,74.0,0.5,1294.3,95729.0
938,VNM,2024-09-13T10:49:58,74.7,74.1,0.9,1293.8,95692.0
939,VNM,2024-09-13T10:49:42,74.7,74.0,3.8,1290.8,95470.0
940,VNM,2024-09-13T10:49:38,74.7,74.0,0.2,1284.8,95026.0
941,VNM,2024-09-13T10:49:32,74.7,74.0,0.1,1284.6,95011.0
942,VNM,2024-09-13T10:49:24,74.7,74.0,0.4,1284.4,94996.0
943,VNM,2024-09-13T10:49:21,74.7,74.0,1.1,1283.6,94937.0
944,VNM,2024-09-13T10:49:12,74.7,73.9,0.1,1255.0,92821.0
945,VNM,2024-09-13T10:48:30,74.7,73.9,0.4,1254.5,92784.0
946,VNM,2024-09-13T10:48:04,74.7,73.9,0.3,1254.1,92754.0
947,VNM,2024-09-13T10:48:03,74.7,73.9,0.1,1253.7,92724.0
948,VNM,2024-09-13T10:48:00,74.7,74.0,0.5,1253.4,92702.0
949,VNM,2024-09-13T10:47:50,74.7,73.9,0.1,1252.8,92658.0
950,VNM,2024-09-13T10:47:10,74.7,73.9,0.4,1252.3,92621.0
951,VNM,2024-09-13T10:46:35,74.7,73.9,0.5,1250.9,92517.0
952,VNM,2024-09-13T10:46:27,74.7,73.9,0.1,1250.4,92481.0
953,VNM,2024-09-13T10:46:15,74.7,73.9,0.4,1250.3,92473.0
954,VNM,2024-09-13T10:45:56,74.7,74.0,1.3,1249.8,92436.0
955,VNM,2024-09-13T10:45:56,74.7,74.0,0.1,1249.9,92444.0
956,VNM,2024-09-13T10:45:51,74.7,74.0,0.2,1248.5,92340.0
957,VNM,2024-09-13T10:45:48,74.7,73.9,0.5,1248.3,92325.0
958,VNM,2024-09-13T10:45:46,74.7,73.9,0.1,1247.8,92288.0
959,VNM,2024-09-13T10:45:31,74.7,73.9,0.5,1247.7,92281.0
960,VNM,2024-09-13T10:45:16,74.7,73.9,0.1,1245.7,92133.0
961,VNM,2024-09-13T10:45:12,74.7,73.9,0.2,1245.6,92126.0
962,VNM,2024-09-13T10:45:04,74.7,73.9,0.1,1244.9,92074.0
963,VNM,2024-09-13T10:44:58,74.7,73.9,0.2,1244.8,92067.0
964,VNM,2024-09-13T10:44:54,74.7,73.9,0.3,1244.1,92015.0
965,VNM,2024-09-13T10:44:52,74.7,73.9,0.6,1243.7,91985.0
966,VNM,2024-09-13T10:44:41,74.7,73.9,0.2,1243.1,91941.0
967,VNM,2024-09-13T10:44:23,74.7,73.9,0.1,1242.9,91926.0
968,VNM,2024-09-13T10:43:57,74.7,74.0,0.5,1242.7,91911.0
969,VNM,2024-09-13T10:43:57,74.7,73.8,0.4,1240.6,91756.0
970,VNM,2024-09-13T10:43:41,74.7,73.8,0.1,1240.0,91712.0
971,VNM,2024-09-13T10:43:30,74.7,73.8,0.4,1239.9,91704.0
972,VNM,2024-09-13T10:43:25,74.7,73.8,0.2,1239.5,91675.0
973,VNM,2024-09-13T10:43:03,74.7,73.8,0.4,1239.3,91660.0
974,VNM,2024-09-13T10:42:47,74.7,73.8,0.1,1238.9,91631.0
975,VNM,2024-09-13T10:42:45,74.7,73.8,1.0,1238.8,91623.0
976,VNM,2024-09-13T10:42:39,74.7,73.9,0.2,1237.8,91549.0
977,VNM,2024-09-13T10:42:35,74.7,73.8,0.4,1237.6,91535.0
978,VNM,2024-09-13T10:42:18,74.7,73.8,0.1,1237.2,91505.0
979,VNM,2024-09-13T10:41:42,74.7,73.8,0.4,1236.7,91468.0
980,VNM,2024-09-13T10:41:39,74.7,73.9,0.5,1236.3,91439.0
981,VNM,2024-09-13T10:41:29,74.7,73.9,1.5,1235.8,91402.0
982,VNM,2024-09-13T10:41:19,74.7,73.9,0.1,1234.3,91291.0
983,VNM,2024-09-13T10:41:17,74.7,73.8,1.4,1234.2,91284.0
984,VNM,2024-09-13T10:41:14,74.7,73.8,0.4,1232.8,91180.0
985,VNM,2024-09-13T10:41:11,74.7,73.8,0.2,1232.4,91151.0
986,VNM,2024-09-13T10:40:59,74.7,73.9,1.0,1231.2,91062.0
987,VNM,2024-09-13T10:40:47,74.7,73.8,0.4,1229.2,90914.0
988,VNM,2024-09-13T10:40:34,74.7,73.8,0.2,1228.8,90885.0
989,VNM,2024-09-13T10:40:20,74.7,73.8,0.4,1228.6,90870.0
990,VNM,2024-09-13T10:39:57,74.7,73.9,1.0,1227.2,90767.0
991,VNM,2024-09-13T10:39:53,74.7,73.8,0.5,1226.2,90693.0
992,VNM,2024-09-13T10:39:51,74.7,73.9,1.0,1225.7,90656.0
993,VNM,2024-09-13T10:39:42,74.7,73.8,0.5,1224.7,90582.0
994,VNM,2024-09-13T10:39:32,74.7,73.8,0.1,1224.2,90545.0
995,VNM,2024-09-13T10:39:31,74.7,73.8,0.3,1224.1,90538.0
996,VNM,2024-09-13T10:39:27,74.7,73.8,0.4,1223.8,90515.0
997,VNM,2024-09-13T10:39:04,74.7,73.8,0.2,1223.4,90486.0
998,VNM,2024-09-13T10:39:03,74.7,73.9,0.1,1223.2,90471.0
999,VNM,2024-09-13T10:39:00,74.7,73.8,0.4,1223.1,90464.0
1000,VNM,2024-09-13T10:38:49,74.7,73.9,0.3,1222.7,90434.0
1001,VNM,2024-09-13T10:38:43,74.7,73.9,0.1,1222.4,90412.0
1002,VNM,2024-09-13T10:38:32,74.7,73.8,0.4,1222.3,90405.0
1003,VNM,2024-09-13T10:38:17,74.7,73.9,2.0,1221.9,90375.0
1004,VNM,2024-09-13T10:38:09,74.7,73.8,0.1,1219.9,90227.0
1005,VNM,2024-09-13T10:37:08,74.7,73.8,0.5,1219.3,90183.0
1006,VNM,2024-09-13T10:37:07,74.7,73.7,0.2,1214.7,89844.0
1007,VNM,2024-09-13T10:37:06,74.7,73.7,0.4,1214.5,89829.0
1008,VNM,2024-09-13T10:37:05,74.7,73.8,1.0,1214.1,89799.0
1009,VNM,2024-09-13T10:37:05,74.7,73.8,0.1,1213.1,89726.0
1010,VNM,2024-09-13T10:36:46,74.7,73.8,2.0,1213.0,89718.0
1011,VNM,2024-09-13T10:36:40,74.7,73.8,0.6,1211.0,89571.0
1012,VNM,2024-09-13T10:36:18,74.7,73.8,0.5,1210.0,89497.0
1013,VNM,2024-09-13T10:36:16,74.7,73.8,13.6,1192.8,88227.0
1014,VNM,2024-09-13T10:36:14,74.7,73.8,1.6,1172.8,86751.0
1015,VNM,2024-09-13T10:35:45,74.7,73.8,0.5,1151.8,85202.0
1016,VNM,2024-09-13T10:35:38,74.7,73.8,0.2,1151.3,85165.0
1017,VNM,2024-09-13T10:35:23,74.7,73.8,0.1,1151.1,85150.0
1018,VNM,2024-09-13T10:35:18,74.7,73.8,0.2,1151.0,85143.0
1019,VNM,2024-09-13T10:35:17,74.7,73.8,1.8,1150.6,85113.0
1020,VNM,2024-09-13T10:35:12,74.7,73.9,0.3,1147.6,84892.0
1021,VNM,2024-09-13T10:35:04,74.7,73.8,0.6,1147.3,84870.0
1022,VNM,2024-09-13T10:34:57,74.7,73.8,0.2,1142.3,84501.0
1023,VNM,2024-09-13T10:34:51,74.7,73.8,0.5,1142.1,84486.0
1024,VNM,2024-09-13T10:34:44,74.7,73.8,1.1,1141.6,84449.0
1025,VNM,2024-09-13T10:34:24,74.7,73.8,0.4,1138.2,84198.0
1026,VNM,2024-09-13T10:34:01,74.7,73.8,0.5,1137.3,84132.0
1027,VNM,2024-09-13T10:34:00,74.7,73.8,0.1,1136.8,84095.0
1028,VNM,2024-09-13T10:33:57,74.7,73.8,0.4,1136.7,84087.0
1029,VNM,2024-09-13T10:33:52,74.7,73.9,0.1,1136.3,84058.0
1030,VNM,2024-09-13T10:33:50,74.7,73.8,0.3,1136.2,84050.0
1031,VNM,2024-09-13T10:33:47,74.7,73.8,0.2,1135.9,84028.0
1032,VNM,2024-09-13T10:33:34,74.7,73.9,0.1,1135.7,84013.0
1033,VNM,2024-09-13T10:33:03,74.7,73.8,0.4,1134.2,83903.0
1034,VNM,2024-09-13T10:33:03,74.7,73.8,0.5,1134.7,83940.0
1035,VNM,2024-09-13T10:32:53,74.7,73.8,1.2,1133.8,83873.0
1036,VNM,2024-09-13T10:32:36,74.7,73.9,0.1,1132.6,83785.0
1037,VNM,2024-09-13T10:32:09,74.7,73.9,0.5,1132.3,83762.0
1038,VNM,2024-09-13T10:31:43,74.7,73.9,0.3,1131.8,83725.0
1039,VNM,2024-09-13T10:31:36,74.7,73.9,0.1,1131.4,83696.0
1040,VNM,2024-09-13T10:31:35,74.7,73.9,0.3,1131.3,83689.0
1041,VNM,2024-09-13T10:31:19,74.7,73.9,0.5,1131.0,83666.0
1042,VNM,2024-09-13T10:31:13,74.7,73.9,0.1,1130.5,83629.0
1043,VNM,2024-09-13T10:31:10,74.7,73.9,0.4,1130.4,83622.0
1044,VNM,2024-09-13T10:31:09,74.7,73.9,0.7,1129.4,83548.0
1045,VNM,2024-09-13T10:31:09,74.7,73.9,0.1,1129.5,83556.0
1046,VNM,2024-09-13T10:30:44,74.7,73.8,0.4,1128.4,83474.0
1047,VNM,2024-09-13T10:30:24,74.7,73.8,0.6,1128.0,83445.0
1048,VNM,2024-09-13T10:30:20,74.7,73.9,0.2,1127.2,83386.0
1049,VNM,2024-09-13T10:30:17,74.7,73.8,0.4,1127.0,83371.0
1050,VNM,2024-09-13T10:29:51,74.7,73.8,0.1,1126.5,83334.0
1051,VNM,2024-09-13T10:29:50,74.7,73.8,0.4,1126.4,83327.0
1052,VNM,2024-09-13T10:29:49,74.7,73.8,0.5,1126.0,83297.0
1053,VNM,2024-09-13T10:29:34,74.7,73.8,0.4,1125.5,83260.0
1054,VNM,2024-09-13T10:29:23,74.7,73.8,0.5,1122.1,83009.0
1055,VNM,2024-09-13T10:29:23,74.7,73.8,0.1,1121.6,82972.0
1056,VNM,2024-09-13T10:28:48,74.7,73.8,0.4,1121.1,82935.0
1057,VNM,2024-09-13T10:28:44,74.7,73.9,0.1,1120.7,82906.0
1058,VNM,2024-09-13T10:28:42,74.7,73.9,1.9,1117.7,82684.0
1059,VNM,2024-09-13T10:28:30,74.7,73.8,0.4,1115.3,82507.0
1060,VNM,2024-09-13T10:28:25,74.7,73.9,3.0,1114.9,82477.0
1061,VNM,2024-09-13T10:28:06,74.7,73.8,0.2,1111.9,82255.0
1062,VNM,2024-09-13T10:28:02,74.7,73.8,0.4,1111.7,82241.0
1063,VNM,2024-09-13T10:27:36,74.7,73.9,0.1,1111.3,82211.0
1064,VNM,2024-09-13T10:27:35,74.7,73.8,0.5,1111.2,82204.0
1065,VNM,2024-09-13T10:27:26,74.7,73.8,5.0,1110.7,82167.0
1066,VNM,2024-09-13T10:27:11,74.7,73.8,0.5,1105.7,81798.0
1067,VNM,2024-09-13T10:27:08,74.7,73.8,0.4,1105.2,81761.0
1068,VNM,2024-09-13T10:27:05,74.7,73.8,0.1,1104.7,81724.0
1069,VNM,2024-09-13T10:27:01,74.7,73.8,0.3,1104.6,81717.0
1070,VNM,2024-09-13T10:27:00,74.7,73.9,0.2,1104.3,81694.0
1071,VNM,2024-09-13T10:26:43,74.7,73.8,0.6,1103.8,81657.0
1072,VNM,2024-09-13T10:26:41,74.7,73.8,0.5,1098.8,81288.0
1073,VNM,2024-09-13T10:26:39,74.7,73.8,0.6,1098.3,81252.0
1074,VNM,2024-09-13T10:26:25,74.7,73.8,15.0,1083.3,80145.0
1075,VNM,2024-09-13T10:26:18,74.7,73.8,14.0,1068.3,79038.0
1076,VNM,2024-09-13T10:26:14,74.7,73.8,0.5,1054.3,78004.0
1077,VNM,2024-09-13T10:26:09,74.7,73.9,1.0,1049.8,77672.0
1078,VNM,2024-09-13T10:26:07,74.7,73.8,0.1,1047.8,77524.0
1079,VNM,2024-09-13T10:25:47,74.7,73.8,0.5,1047.7,77517.0
1080,VNM,2024-09-13T10:25:22,74.7,73.8,0.2,1043.8,77229.0
1081,VNM,2024-09-13T10:25:20,74.7,73.8,10.0,1043.6,77214.0
1082,VNM,2024-09-13T10:25:14,74.7,73.8,5.6,1033.2,76446.0
1083,VNM,2024-09-13T10:25:03,74.7,73.8,1.2,1027.6,76033.0
1084,VNM,2024-09-13T10:24:53,74.7,73.8,0.5,1026.4,75945.0
1085,VNM,2024-09-13T10:24:32,74.7,73.9,0.2,1025.9,75908.0
1086,VNM,2024-09-13T10:24:26,74.7,73.8,0.5,1025.7,75893.0
1087,VNM,2024-09-13T10:24:00,74.7,73.9,0.2,1025.2,75856.0
1088,VNM,2024-09-13T10:23:59,74.7,73.8,0.5,1025.0,75841.0
1089,VNM,2024-09-13T10:23:38,74.7,73.8,0.1,1024.4,75797.0
1090,VNM,2024-09-13T10:23:35,74.7,73.8,0.2,1024.3,75790.0
1091,VNM,2024-09-13T10:23:32,74.7,73.8,0.5,1024.1,75775.0
1092,VNM,2024-09-13T10:23:22,74.7,73.8,0.9,1022.6,75664.0
1093,VNM,2024-09-13T10:23:22,74.7,73.8,1.0,1023.6,75738.0
1094,VNM,2024-09-13T10:23:20,74.7,73.9,0.5,1021.7,75598.0
1095,VNM,2024-09-13T10:23:05,74.7,73.8,0.4,1021.2,75561.0
1096,VNM,2024-09-13T10:22:56,74.7,73.8,0.1,1020.6,75516.0
1097,VNM,2024-09-13T10:22:56,74.7,73.8,0.2,1020.8,75531.0
1098,VNM,2024-09-13T10:22:48,74.7,73.8,0.5,1020.5,75509.0
1099,VNM,2024-09-13T10:22:38,74.7,73.8,0.4,1020.0,75472.0
1100,VNM,2024-09-13T10:22:11,74.7,73.8,0.5,1019.6,75443.0
1101,VNM,2024-09-13T10:21:52,74.7,73.9,0.1,1019.1,75406.0
1102,VNM,2024-09-13T10:21:44,74.7,73.9,0.4,1019.0,75398.0
1103,VNM,2024-09-13T10:21:43,74.7,73.8,0.1,1017.9,75317.0
1104,VNM,2024-09-13T10:21:43,74.7,73.8,0.5,1018.4,75354.0
1105,VNM,2024-09-13T10:21:33,74.7,73.8,0.1,1017.3,75273.0
1106,VNM,2024-09-13T10:21:33,74.7,73.9,0.5,1017.8,75310.0
1107,VNM,2024-09-13T10:21:16,74.7,73.8,0.5,1017.2,75265.0
1108,VNM,2024-09-13T10:21:00,74.7,73.9,0.1,1016.7,75228.0
1109,VNM,2024-09-13T10:20:50,74.7,73.8,0.4,1016.6,75221.0
1110,VNM,2024-09-13T10:20:43,74.7,73.9,0.2,1016.2,75192.0
1111,VNM,2024-09-13T10:20:23,74.7,73.9,2.0,1016.0,75177.0
1112,VNM,2024-09-13T10:20:23,74.7,73.9,0.5,990.9,73322.0
1113,VNM,2024-09-13T10:20:22,74.7,73.9,3.5,990.4,73285.0
1114,VNM,2024-09-13T10:20:18,74.7,73.9,0.5,986.9,73026.0
1115,VNM,2024-09-13T10:20:10,74.7,73.9,0.1,986.4,72989.0
1116,VNM,2024-09-13T10:19:56,74.7,73.9,0.5,986.3,72982.0
1117,VNM,2024-09-13T10:19:52,74.7,73.9,5.0,985.8,72945.0
1118,VNM,2024-09-13T10:19:35,74.7,73.9,3.0,980.8,72576.0
1119,VNM,2024-09-13T10:19:28,74.7,73.9,0.5,976.9,72287.0
1120,VNM,2024-09-13T10:19:05,74.7,73.9,0.3,976.4,72250.0
1121,VNM,2024-09-13T10:19:02,74.7,73.9,0.4,976.1,72228.0
1122,VNM,2024-09-13T10:18:52,74.7,73.9,0.6,975.7,72199.0
1123,VNM,2024-09-13T10:18:37,74.7,73.9,0.1,975.0,72147.0
1124,VNM,2024-09-13T10:18:34,74.7,73.9,0.5,974.9,72139.0
1125,VNM,2024-09-13T10:18:19,74.7,73.9,1.0,974.4,72103.0
1126,VNM,2024-09-13T10:18:12,74.7,73.9,0.3,973.4,72029.0
1127,VNM,2024-09-13T10:18:07,74.7,73.9,0.4,973.1,72006.0
1128,VNM,2024-09-13T10:18:06,74.7,73.9,0.1,972.7,71977.0
1129,VNM,2024-09-13T10:17:41,74.7,73.9,0.5,972.6,71970.0
1130,VNM,2024-09-13T10:17:39,74.7,74.0,1.0,972.1,71933.0
1131,VNM,2024-09-13T10:17:35,74.7,74.0,0.1,971.1,71859.0
1132,VNM,2024-09-13T10:17:18,74.7,74.0,0.7,971.0,71851.0
1133,VNM,2024-09-13T10:17:13,74.7,73.9,0.4,970.3,71799.0
1134,VNM,2024-09-13T10:16:47,74.7,73.9,0.5,969.9,71770.0
1135,VNM,2024-09-13T10:16:29,74.7,74.0,0.2,969.2,71718.0
1136,VNM,2024-09-13T10:16:19,74.7,73.9,0.4,969.0,71703.0
1137,VNM,2024-09-13T10:16:01,74.7,73.9,0.1,968.6,71674.0
1138,VNM,2024-09-13T10:15:53,74.7,73.9,0.4,968.5,71666.0
1139,VNM,2024-09-13T10:14:58,74.7,73.9,0.5,967.6,71600.0
1140,VNM,2024-09-13T10:14:42,74.7,74.0,4.8,967.1,71563.0
1141,VNM,2024-09-13T10:14:39,74.7,73.9,0.3,962.1,71193.0
1142,VNM,2024-09-13T10:14:38,74.7,73.9,0.1,961.8,71171.0
1143,VNM,2024-09-13T10:14:34,74.7,73.9,0.2,961.7,71163.0
1144,VNM,2024-09-13T10:14:31,74.7,73.9,0.5,961.5,71149.0
1145,VNM,2024-09-13T10:14:09,74.7,73.9,0.3,961.0,71112.0
1146,VNM,2024-09-13T10:14:05,74.7,73.9,0.5,960.7,71089.0
1147,VNM,2024-09-13T10:13:51,74.7,73.9,0.2,960.2,71052.0
1148,VNM,2024-09-13T10:13:49,74.7,73.9,0.1,959.2,70979.0
1149,VNM,2024-09-13T10:13:37,74.7,73.9,0.5,958.7,70942.0
1150,VNM,2024-09-13T10:13:15,74.7,73.9,0.1,957.4,70846.0
1151,VNM,2024-09-13T10:12:43,74.7,73.9,0.2,956.9,70809.0
1152,VNM,2024-09-13T10:12:01,74.7,74.0,0.1,956.3,70764.0
1153,VNM,2024-09-13T10:11:52,74.7,73.9,3.0,956.2,70757.0
1154,VNM,2024-09-13T10:11:52,74.7,73.9,0.1,953.2,70535.0
1155,VNM,2024-09-13T10:11:48,74.7,73.9,0.5,953.1,70528.0
1156,VNM,2024-09-13T10:11:47,74.7,73.9,0.4,951.4,70402.0
1157,VNM,2024-09-13T10:11:41,74.7,73.9,2.3,947.9,70143.0
1158,VNM,2024-09-13T10:11:37,74.7,73.9,0.4,945.6,69973.0
1159,VNM,2024-09-13T10:11:28,74.7,73.9,0.3,944.4,69885.0
1160,VNM,2024-09-13T10:11:11,74.7,73.8,0.4,943.7,69833.0
1161,VNM,2024-09-13T10:11:09,74.7,73.8,0.1,940.1,69567.0
1162,VNM,2024-09-13T10:11:08,74.7,73.8,3.8,935.1,69198.0
1163,VNM,2024-09-13T10:11:06,74.7,73.8,0.2,915.1,67722.0
1164,VNM,2024-09-13T10:10:58,74.7,73.8,0.6,914.9,67708.0
1165,VNM,2024-09-13T10:10:44,74.7,73.7,0.5,914.3,67663.0
1166,VNM,2024-09-13T10:10:34,74.7,73.7,1.5,913.8,67627.0
1167,VNM,2024-09-13T10:10:17,74.7,73.7,0.1,912.2,67509.0
1168,VNM,2024-09-13T10:10:16,74.7,73.7,0.3,911.7,67472.0
1169,VNM,2024-09-13T10:10:03,74.7,73.7,0.2,911.4,67450.0
1170,VNM,2024-09-13T10:09:52,74.7,73.7,0.6,911.2,67435.0
1171,VNM,2024-09-13T10:09:50,74.7,73.8,0.1,910.6,67391.0
1172,VNM,2024-09-13T10:09:23,74.7,73.7,0.5,910.0,67346.0
1173,VNM,2024-09-13T10:09:17,74.7,73.8,2.0,909.5,67310.0
1174,VNM,2024-09-13T10:09:07,74.7,73.7,0.1,907.5,67162.0
1175,VNM,2024-09-13T10:08:56,74.7,73.7,0.5,907.4,67155.0
1176,VNM,2024-09-13T10:08:33,74.7,73.8,0.2,906.9,67118.0
1177,VNM,2024-09-13T10:08:02,74.7,73.7,0.4,906.3,67074.0
1178,VNM,2024-09-13T10:07:50,74.7,73.7,0.1,904.1,66911.0
1179,VNM,2024-09-13T10:07:50,74.7,73.7,1.8,905.9,67044.0
1180,VNM,2024-09-13T10:07:49,74.7,73.7,0.5,904.0,66904.0
1181,VNM,2024-09-13T10:07:44,74.7,73.7,0.1,894.9,66233.0
1182,VNM,2024-09-13T10:07:35,74.7,73.7,0.4,894.8,66226.0
1183,VNM,2024-09-13T10:07:32,74.7,73.8,0.2,894.4,66197.0
1184,VNM,2024-09-13T10:07:14,74.7,73.8,0.1,894.2,66182.0
1185,VNM,2024-09-13T10:07:08,74.7,73.7,0.3,894.1,66174.0
1186,VNM,2024-09-13T10:06:32,74.7,73.6,0.4,893.6,66138.0
1187,VNM,2024-09-13T10:06:25,74.7,73.7,1.5,889.6,65843.0
1188,VNM,2024-09-13T10:06:19,74.7,73.7,0.1,877.1,64922.0
1189,VNM,2024-09-13T10:06:18,74.7,73.7,0.2,877.0,64914.0
1190,VNM,2024-09-13T10:06:17,74.7,73.7,2.0,876.8,64900.0
1191,VNM,2024-09-13T10:06:16,74.7,73.7,0.2,874.6,64737.0
1192,VNM,2024-09-13T10:06:14,74.7,73.7,0.5,874.4,64723.0
1193,VNM,2024-09-13T10:06:14,74.7,73.7,0.4,873.9,64686.0
1194,VNM,2024-09-13T10:06:12,74.7,73.7,1.0,863.9,63949.0
1195,VNM,2024-09-13T10:06:09,74.7,73.6,0.4,862.9,63875.0
1196,VNM,2024-09-13T10:06:04,74.7,73.7,13.2,862.5,63846.0
1197,VNM,2024-09-13T10:06:01,74.7,73.6,0.1,847.4,62733.0
1198,VNM,2024-09-13T10:05:42,74.7,73.6,0.5,845.3,62578.0
1199,VNM,2024-09-13T10:05:42,74.7,73.6,1.3,847.3,62725.0
1200,VNM,2024-09-13T10:05:18,74.7,73.7,0.1,844.8,62541.0
1201,VNM,2024-09-13T10:05:13,74.7,73.6,0.5,844.2,62497.0
1202,VNM,2024-09-13T10:05:13,74.7,73.7,0.2,841.2,62276.0
1203,VNM,2024-09-13T10:05:11,74.7,73.7,0.1,841.0,62262.0
1204,VNM,2024-09-13T10:05:09,74.7,73.7,1.1,840.9,62254.0
1205,VNM,2024-09-13T10:05:08,74.7,73.7,0.1,839.8,62173.0
1206,VNM,2024-09-13T10:05:02,74.7,73.7,2.0,839.7,62166.0
1207,VNM,2024-09-13T10:05:01,74.7,73.7,3.0,837.7,62019.0
1208,VNM,2024-09-13T10:05:00,74.7,73.7,0.4,833.1,61680.0
1209,VNM,2024-09-13T10:04:52,74.7,73.7,0.1,823.0,60935.0
1210,VNM,2024-09-13T10:04:48,74.7,73.7,0.5,816.0,60419.0
1211,VNM,2024-09-13T10:04:42,74.7,73.7,0.2,815.5,60382.0
1212,VNM,2024-09-13T10:04:39,74.7,73.7,6.2,811.5,60088.0
1213,VNM,2024-09-13T10:04:38,74.7,73.7,0.4,801.5,59351.0
1214,VNM,2024-09-13T10:04:26,74.7,73.7,1.1,801.1,59321.0
1215,VNM,2024-09-13T10:04:21,74.7,73.7,0.3,798.1,59100.0
1216,VNM,2024-09-13T10:04:20,74.7,73.7,0.2,797.8,59078.0
1217,VNM,2024-09-13T10:04:04,74.7,73.7,1.0,796.3,58967.0
1218,VNM,2024-09-13T10:04:01,74.7,73.7,2.2,795.3,58894.0
1219,VNM,2024-09-13T10:03:56,74.7,73.7,1.0,785.3,58157.0
1220,VNM,2024-09-13T10:03:53,74.7,73.7,0.4,783.9,58053.0
1221,VNM,2024-09-13T10:03:40,74.7,73.7,0.1,783.2,58002.0
1222,VNM,2024-09-13T10:03:40,74.7,73.7,2.0,781.0,57840.0
1223,VNM,2024-09-13T10:03:35,74.7,73.7,0.1,774.4,57353.0
1224,VNM,2024-09-13T10:03:27,74.7,73.7,0.5,774.3,57346.0
1225,VNM,2024-09-13T10:03:15,74.7,73.8,5.0,773.8,57309.0
1226,VNM,2024-09-13T10:03:08,74.7,73.8,1.0,768.8,56940.0
1227,VNM,2024-09-13T10:02:59,74.7,73.7,0.5,767.8,56866.0
1228,VNM,2024-09-13T10:02:45,74.7,73.8,1.0,767.3,56829.0
1229,VNM,2024-09-13T10:02:42,74.7,73.8,0.1,766.3,56756.0
1230,VNM,2024-09-13T10:02:32,74.7,73.7,0.5,766.2,56748.0
1231,VNM,2024-09-13T10:02:23,74.7,73.8,0.1,765.6,56704.0
1232,VNM,2024-09-13T10:02:12,74.7,73.8,0.2,765.5,56697.0
1233,VNM,2024-09-13T10:02:08,74.7,73.8,0.1,765.3,56682.0
1234,VNM,2024-09-13T10:02:05,74.7,73.7,0.5,765.2,56674.0
1235,VNM,2024-09-13T10:01:47,74.7,73.8,5.8,764.7,56638.0
1236,VNM,2024-09-13T10:01:43,74.7,73.8,0.5,758.9,56210.0
1237,VNM,2024-09-13T10:01:40,74.7,73.8,0.1,758.4,56173.0
1238,VNM,2024-09-13T10:01:33,74.7,73.8,0.3,758.3,56165.0
1239,VNM,2024-09-13T10:01:16,74.7,73.8,0.1,757.9,56136.0
1240,VNM,2024-09-13T10:01:11,74.7,73.8,9.5,757.3,56091.0
1241,VNM,2024-09-13T10:01:06,74.7,73.8,0.1,747.8,55390.0
1242,VNM,2024-09-13T10:01:06,74.7,73.8,0.4,747.3,55353.0
1243,VNM,2024-09-13T10:01:01,74.7,73.8,0.6,737.7,54645.0
1244,VNM,2024-09-13T10:01:00,74.7,73.8,0.1,737.1,54601.0
1245,VNM,2024-09-13T10:00:58,74.7,73.7,1.5,737.0,54593.0
1246,VNM,2024-09-13T10:00:52,74.7,73.8,0.1,731.0,54151.0
1247,VNM,2024-09-13T10:00:51,74.7,73.8,0.3,730.9,54144.0
1248,VNM,2024-09-13T10:00:45,74.7,73.9,0.1,711.6,52719.0
1249,VNM,2024-09-13T10:00:39,74.7,73.8,0.5,711.5,52712.0
1250,VNM,2024-09-13T10:00:37,74.7,73.8,0.8,711.0,52675.0
1251,VNM,2024-09-13T10:00:34,74.7,73.8,0.1,710.2,52616.0
1252,VNM,2024-09-13T10:00:28,74.7,73.8,1.0,710.1,52609.0
1253,VNM,2024-09-13T10:00:16,74.7,73.8,0.4,706.0,52306.0
1254,VNM,2024-09-13T10:00:12,74.7,73.8,0.1,705.5,52269.0
1255,VNM,2024-09-13T10:00:12,74.7,73.8,0.3,705.4,52262.0
1256,VNM,2024-09-13T10:00:00,74.7,73.8,1.4,705.1,52240.0
1257,VNM,2024-09-13T09:59:58,74.7,73.7,0.5,697.4,51671.0
1258,VNM,2024-09-13T09:59:44,74.7,73.8,0.1,691.8,51258.0
1259,VNM,2024-09-13T09:59:44,74.7,73.8,0.5,691.7,51251.0
1260,VNM,2024-09-13T09:59:39,74.7,73.8,1.7,687.7,50956.0
1261,VNM,2024-09-13T09:59:36,74.7,73.8,0.2,686.0,50830.0
1262,VNM,2024-09-13T09:59:20,74.7,73.8,0.1,680.5,50425.0
1263,VNM,2024-09-13T09:59:20,74.7,73.8,0.8,667.0,49428.0
1264,VNM,2024-09-13T09:59:19,74.7,73.8,0.1,661.8,49045.0
1265,VNM,2024-09-13T09:59:18,74.7,73.8,0.5,620.0,45960.0
1266,VNM,2024-09-13T09:59:14,74.7,73.8,8.0,619.5,45923.0
1267,VNM,2024-09-13T09:58:54,74.7,73.8,5.0,611.5,45332.0
1268,VNM,2024-09-13T09:58:51,74.7,73.8,0.5,606.5,44963.0
1269,VNM,2024-09-13T09:58:41,74.7,73.8,0.3,606.0,44927.0
1270,VNM,2024-09-13T09:58:37,74.7,73.9,1.0,605.7,44904.0
1271,VNM,2024-09-13T09:58:34,74.7,73.8,2.0,604.7,44831.0
1272,VNM,2024-09-13T09:58:24,74.7,73.8,0.5,602.7,44683.0
1273,VNM,2024-09-13T09:58:03,74.7,73.8,0.1,602.2,44646.0
1274,VNM,2024-09-13T09:57:57,74.7,73.8,0.5,602.1,44639.0
1275,VNM,2024-09-13T09:57:42,74.7,73.9,0.1,601.6,44602.0
1276,VNM,2024-09-13T09:57:38,74.7,73.9,0.1,596.5,44225.0
1277,VNM,2024-09-13T09:57:38,74.7,73.8,5.0,601.5,44594.0
1278,VNM,2024-09-13T09:57:36,74.7,73.9,0.5,588.8,43656.0
1279,VNM,2024-09-13T09:57:29,74.7,73.9,0.4,588.3,43619.0
1280,VNM,2024-09-13T09:57:25,74.7,73.9,0.2,587.9,43590.0
1281,VNM,2024-09-13T09:57:16,74.7,73.9,0.4,587.7,43575.0
1282,VNM,2024-09-13T09:57:02,74.7,73.9,0.5,567.7,42097.0
1283,VNM,2024-09-13T09:56:50,74.7,73.9,3.8,567.2,42060.0
1284,VNM,2024-09-13T09:56:38,74.7,73.9,0.1,562.1,41683.0
1285,VNM,2024-09-13T09:56:35,74.7,73.9,0.5,561.9,41668.0
1286,VNM,2024-09-13T09:56:02,74.7,74.0,0.1,561.3,41624.0
1287,VNM,2024-09-13T09:55:45,74.7,73.9,0.4,561.2,41617.0
1288,VNM,2024-09-13T09:55:42,74.7,73.9,0.4,560.2,41543.0
1289,VNM,2024-09-13T09:55:42,74.7,73.9,0.3,560.5,41565.0
1290,VNM,2024-09-13T09:55:40,74.7,73.9,1.0,559.8,41513.0
1291,VNM,2024-09-13T09:55:38,74.7,73.9,0.2,558.8,41439.0
1292,VNM,2024-09-13T09:55:33,74.7,73.9,0.4,558.6,41425.0
1293,VNM,2024-09-13T09:55:32,74.7,73.9,0.5,558.2,41395.0
1294,VNM,2024-09-13T09:55:30,74.7,73.9,6.9,557.7,41358.0
1295,VNM,2024-09-13T09:55:25,74.7,73.9,0.1,547.7,40619.0
1296,VNM,2024-09-13T09:55:18,74.7,73.9,2.8,547.6,40612.0
1297,VNM,2024-09-13T09:55:08,74.7,73.9,1.0,537.6,39873.0
1298,VNM,2024-09-13T09:55:07,74.7,73.8,0.5,536.6,39799.0
1299,VNM,2024-09-13T09:54:48,74.7,73.9,2.0,536.1,39762.0
1300,VNM,2024-09-13T09:54:45,74.7,73.9,0.3,534.1,39614.0
1301,VNM,2024-09-13T09:54:37,74.7,73.9,0.5,493.8,36636.0
1302,VNM,2024-09-13T09:54:31,74.7,74.0,1.9,478.8,35527.0
1303,VNM,2024-09-13T09:54:13,74.7,74.0,0.2,475.8,35305.0
1304,VNM,2024-09-13T09:54:13,74.7,73.9,0.4,475.6,35291.0
1305,VNM,2024-09-13T09:53:54,74.7,73.9,0.1,475.1,35254.0
1306,VNM,2024-09-13T09:53:39,74.7,74.0,0.5,474.5,35209.0
1307,VNM,2024-09-13T09:53:34,74.7,74.0,0.2,473.8,35157.0
1308,VNM,2024-09-13T09:53:27,74.7,74.0,0.1,473.6,35143.0
1309,VNM,2024-09-13T09:53:10,74.7,74.0,1.0,473.5,35135.0
1310,VNM,2024-09-13T09:53:04,74.7,74.0,0.1,472.4,35054.0
1311,VNM,2024-09-13T09:53:02,74.7,74.0,0.2,472.3,35046.0
1312,VNM,2024-09-13T09:52:58,74.7,74.0,0.1,472.1,35032.0
1313,VNM,2024-09-13T09:52:56,74.7,74.0,0.7,470.7,34928.0
1314,VNM,2024-09-13T09:52:51,74.7,74.0,0.5,469.7,34854.0
1315,VNM,2024-09-13T09:52:49,74.7,74.0,0.1,469.0,34802.0
1316,VNM,2024-09-13T09:52:45,74.7,74.0,2.0,468.9,34795.0
1317,VNM,2024-09-13T09:52:39,74.7,74.0,0.1,466.9,34647.0
1318,VNM,2024-09-13T09:52:31,74.7,74.0,0.7,466.8,34639.0
1319,VNM,2024-09-13T09:52:21,74.7,74.0,1.0,464.8,34491.0
1320,VNM,2024-09-13T09:52:20,74.7,74.0,0.7,463.3,34380.0
1321,VNM,2024-09-13T09:52:20,74.7,74.0,0.5,463.8,34417.0
1322,VNM,2024-09-13T09:52:16,74.7,73.9,0.5,462.3,34306.0
1323,VNM,2024-09-13T09:52:07,74.7,74.0,0.2,461.8,34269.0
1324,VNM,2024-09-13T09:52:05,74.7,74.0,0.3,460.8,34195.0
1325,VNM,2024-09-13T09:52:03,74.7,74.0,0.5,460.5,34173.0
1326,VNM,2024-09-13T09:52:01,74.7,74.0,0.3,459.5,34099.0
1327,VNM,2024-09-13T09:51:53,74.7,74.0,4.6,459.2,34077.0
1328,VNM,2024-09-13T09:51:53,74.7,74.0,0.1,451.2,33485.0
1329,VNM,2024-09-13T09:51:49,74.7,73.9,0.5,451.1,33478.0
1330,VNM,2024-09-13T09:51:43,74.7,74.0,0.1,450.6,33441.0
1331,VNM,2024-09-13T09:51:41,74.7,74.0,2.8,450.5,33433.0
1332,VNM,2024-09-13T09:51:33,74.7,74.0,0.5,447.7,33226.0
1333,VNM,2024-09-13T09:51:31,74.7,74.0,0.2,447.2,33189.0
1334,VNM,2024-09-13T09:51:20,74.7,73.9,7.0,447.0,33174.0
1335,VNM,2024-09-13T09:51:07,74.7,74.0,0.1,436.1,32368.0
1336,VNM,2024-09-13T09:51:05,74.7,74.0,5.0,436.0,32361.0
1337,VNM,2024-09-13T09:51:00,74.7,74.0,0.1,431.0,31991.0
1338,VNM,2024-09-13T09:50:59,74.7,74.0,0.5,430.4,31947.0
1339,VNM,2024-09-13T09:50:54,74.7,73.9,2.1,410.7,30489.0
1340,VNM,2024-09-13T09:50:50,74.7,73.9,0.5,408.6,30334.0
1341,VNM,2024-09-13T09:50:32,74.7,73.9,0.4,408.1,30297.0
1342,VNM,2024-09-13T09:50:23,74.7,73.9,0.5,407.7,30267.0
1343,VNM,2024-09-13T09:49:44,74.7,73.9,0.1,407.2,30230.0
1344,VNM,2024-09-13T09:49:36,74.7,73.9,9.0,407.1,30223.0
1345,VNM,2024-09-13T09:49:31,74.7,73.9,1.0,392.0,29107.0
1346,VNM,2024-09-13T09:49:30,74.7,73.8,29.0,391.0,29033.0
1347,VNM,2024-09-13T09:49:25,74.7,73.9,1.0,358.5,26634.0
1348,VNM,2024-09-13T09:49:22,74.7,73.9,0.9,357.5,26560.0
1349,VNM,2024-09-13T09:49:20,74.7,73.9,4.0,352.5,26191.0
1350,VNM,2024-09-13T09:49:17,74.7,73.9,0.1,348.4,25888.0
1351,VNM,2024-09-13T09:49:12,74.7,73.9,0.4,348.2,25873.0
1352,VNM,2024-09-13T09:49:03,74.7,73.9,0.1,347.1,25792.0
1353,VNM,2024-09-13T09:48:55,74.7,73.8,0.4,346.6,25755.0
1354,VNM,2024-09-13T09:48:53,74.7,73.9,0.1,346.1,25718.0
1355,VNM,2024-09-13T09:48:51,74.7,73.9,0.5,346.0,25711.0
1356,VNM,2024-09-13T09:48:47,74.7,73.9,0.2,345.5,25674.0
1357,VNM,2024-09-13T09:48:46,74.7,73.9,0.1,337.0,25046.0
1358,VNM,2024-09-13T09:48:41,74.7,73.9,1.0,336.9,25038.0
1359,VNM,2024-09-13T09:48:31,74.7,73.9,0.1,335.8,24957.0
1360,VNM,2024-09-13T09:48:28,74.7,74.0,1.0,333.8,24809.0
1361,VNM,2024-09-13T09:48:27,74.7,73.9,0.3,332.8,24735.0
1362,VNM,2024-09-13T09:48:21,74.7,74.0,0.1,313.4,23299.0
1363,VNM,2024-09-13T09:48:18,74.7,74.0,2.0,313.3,23292.0
1364,VNM,2024-09-13T09:48:15,74.7,74.0,0.2,311.3,23144.0
1365,VNM,2024-09-13T09:48:13,74.7,74.0,0.9,310.9,23114.0
1366,VNM,2024-09-13T09:48:00,74.7,74.0,0.5,308.5,22937.0
1367,VNM,2024-09-13T09:47:53,74.7,74.0,0.3,308.0,22900.0
1368,VNM,2024-09-13T09:47:50,74.7,74.0,0.4,305.0,22678.0
1369,VNM,2024-09-13T09:47:50,74.7,74.0,1.6,304.6,22648.0
1370,VNM,2024-09-13T09:47:41,74.7,74.0,0.1,303.0,22530.0
1371,VNM,2024-09-13T09:47:33,74.7,74.0,0.5,302.9,22522.0
1372,VNM,2024-09-13T09:47:30,74.7,74.0,0.2,302.4,22485.0
1373,VNM,2024-09-13T09:47:26,74.7,74.0,2.6,302.2,22471.0
1374,VNM,2024-09-13T09:47:07,74.7,74.0,0.5,298.2,22175.0
1375,VNM,2024-09-13T09:47:06,74.7,74.0,0.1,297.7,22138.0
1376,VNM,2024-09-13T09:46:59,74.7,74.1,0.5,297.6,22130.0
1377,VNM,2024-09-13T09:46:51,74.7,74.1,0.1,296.0,22012.0
1378,VNM,2024-09-13T09:46:39,74.7,74.1,0.5,286.0,21271.0
1379,VNM,2024-09-13T09:46:27,74.7,74.1,0.1,285.5,21234.0
1380,VNM,2024-09-13T09:46:22,74.7,74.2,0.6,285.0,21197.0
1381,VNM,2024-09-13T09:46:20,74.7,74.1,1.4,283.0,21048.0
1382,VNM,2024-09-13T09:46:13,74.7,74.1,0.5,281.6,20944.0
1383,VNM,2024-09-13T09:46:07,74.7,74.2,2.0,281.1,20907.0
1384,VNM,2024-09-13T09:45:46,74.7,74.2,0.1,279.1,20759.0
1385,VNM,2024-09-13T09:45:45,74.7,74.1,0.5,279.0,20752.0
1386,VNM,2024-09-13T09:45:36,74.7,74.1,0.1,278.5,20715.0
1387,VNM,2024-09-13T09:45:24,74.7,74.1,0.6,277.8,20663.0
1388,VNM,2024-09-13T09:45:18,74.7,74.1,0.5,277.2,20618.0
1389,VNM,2024-09-13T09:45:15,74.7,74.1,2.6,276.7,20581.0
1390,VNM,2024-09-13T09:44:53,74.7,74.1,0.2,274.1,20389.0
1391,VNM,2024-09-13T09:44:23,74.7,74.1,0.5,273.4,20337.0
1392,VNM,2024-09-13T09:44:16,74.7,74.1,0.1,272.9,20300.0
1393,VNM,2024-09-13T09:44:11,74.7,74.1,0.5,270.3,20107.0
1394,VNM,2024-09-13T09:43:57,74.7,74.1,0.1,269.5,20048.0
1395,VNM,2024-09-13T09:43:53,74.7,74.1,10.0,269.4,20040.0
1396,VNM,2024-09-13T09:43:30,74.7,74.1,0.5,258.9,19262.0
1397,VNM,2024-09-13T09:43:28,74.7,74.0,1.6,258.4,19225.0
1398,VNM,2024-09-13T09:43:24,74.7,74.0,0.1,251.4,18707.0
1399,VNM,2024-09-13T09:43:21,74.7,74.1,0.5,250.9,18670.0
1400,VNM,2024-09-13T09:43:16,74.7,74.1,0.1,250.4,18633.0
1401,VNM,2024-09-13T09:43:13,74.7,74.1,1.0,250.3,18626.0
1402,VNM,2024-09-13T09:43:01,74.7,74.0,0.1,249.3,18552.0
1403,VNM,2024-09-13T09:43:00,74.7,74.1,0.2,229.3,17070.0
1404,VNM,2024-09-13T09:42:57,74.7,74.1,0.5,229.1,17055.0
1405,VNM,2024-09-13T09:42:53,74.7,74.2,0.1,228.6,17018.0
1406,VNM,2024-09-13T09:42:48,74.7,74.2,5.5,228.5,17011.0
1407,VNM,2024-09-13T09:42:38,74.7,74.2,0.9,211.0,15712.0
1408,VNM,2024-09-13T09:42:11,74.7,74.3,0.1,209.5,15601.0
1409,VNM,2024-09-13T09:42:03,74.7,74.3,0.5,179.9,13401.0
1410,VNM,2024-09-13T09:41:55,74.7,74.3,1.0,179.4,13364.0
1411,VNM,2024-09-13T09:41:45,74.7,74.3,0.6,178.4,13290.0
1412,VNM,2024-09-13T09:41:36,74.7,74.3,0.5,177.8,13245.0
1413,VNM,2024-09-13T09:41:26,74.7,74.3,0.1,177.3,13208.0
1414,VNM,2024-09-13T09:41:09,74.7,74.3,0.5,177.2,13201.0
1415,VNM,2024-09-13T09:40:55,74.7,74.3,3.5,176.7,13164.0
1416,VNM,2024-09-13T09:40:48,74.7,74.4,1.0,173.0,12889.0
1417,VNM,2024-09-13T09:40:48,74.7,74.4,15.7,168.0,12517.0
1418,VNM,2024-09-13T09:40:47,74.7,74.4,1.6,152.3,11349.0
1419,VNM,2024-09-13T09:40:43,74.7,74.4,2.7,150.7,11230.0
1420,VNM,2024-09-13T09:40:42,74.7,74.4,0.3,140.7,10486.0
1421,VNM,2024-09-13T09:40:29,74.7,74.4,0.4,140.2,10449.0
1422,VNM,2024-09-13T09:40:25,74.7,74.4,0.3,139.8,10419.0
1423,VNM,2024-09-13T09:40:07,74.7,74.5,0.5,137.3,10233.0
1424,VNM,2024-09-13T09:40:03,74.7,74.4,0.1,136.7,10188.0
1425,VNM,2024-09-13T09:39:52,74.7,74.4,1.0,136.6,10181.0
1426,VNM,2024-09-13T09:39:48,74.7,74.4,0.5,135.2,10076.0
1427,VNM,2024-09-13T09:39:23,74.7,74.5,0.1,134.7,10039.0
1428,VNM,2024-09-13T09:39:21,74.7,74.4,0.5,134.6,10032.0
1429,VNM,2024-09-13T09:38:59,74.7,74.4,0.8,134.1,9995.0
1430,VNM,2024-09-13T09:38:56,74.7,74.4,0.2,133.3,9935.0
1431,VNM,2024-09-13T09:38:54,74.7,74.4,0.5,133.1,9920.0
1432,VNM,2024-09-13T09:38:53,74.7,74.5,1.1,132.6,9883.0
1433,VNM,2024-09-13T09:38:41,74.7,74.5,0.4,130.8,9749.0
1434,VNM,2024-09-13T09:38:40,74.7,74.4,0.1,130.4,9719.0
1435,VNM,2024-09-13T09:38:29,74.7,74.4,0.3,130.3,9712.0
1436,VNM,2024-09-13T09:38:00,74.7,74.4,0.5,129.0,9615.0
1437,VNM,2024-09-13T09:37:33,74.7,74.4,0.2,128.2,9555.0
1438,VNM,2024-09-13T09:37:33,74.7,74.4,0.3,128.5,9578.0
1439,VNM,2024-09-13T09:37:18,74.7,74.4,0.1,128.0,9541.0
1440,VNM,2024-09-13T09:37:06,74.7,74.4,0.2,127.9,9533.0
1441,VNM,2024-09-13T09:37:06,74.7,74.4,0.1,127.7,9518.0
1442,VNM,2024-09-13T09:36:56,74.7,74.4,0.3,127.4,9496.0
1443,VNM,2024-09-13T09:36:53,74.7,74.4,1.2,122.6,9139.0
1444,VNM,2024-09-13T09:36:12,74.7,74.4,0.5,120.9,9012.0
1445,VNM,2024-09-13T09:36:00,74.7,74.5,1.9,120.4,8975.0
1446,VNM,2024-09-13T09:35:54,74.7,74.4,0.1,117.4,8752.0
1447,VNM,2024-09-13T09:35:41,74.7,74.4,0.5,116.8,8707.0
1448,VNM,2024-09-13T09:35:25,74.7,74.4,0.1,116.3,8670.0
1449,VNM,2024-09-13T09:35:18,74.7,74.4,0.5,116.2,8662.0
1450,VNM,2024-09-13T09:35:17,74.7,74.4,1.0,115.7,8625.0
1451,VNM,2024-09-13T09:34:51,74.7,74.4,0.5,114.7,8551.0
1452,VNM,2024-09-13T09:34:31,74.7,74.4,0.1,114.1,8506.0
1453,VNM,2024-09-13T09:34:24,74.7,74.4,0.5,114.0,8499.0
1454,VNM,2024-09-13T09:33:58,74.7,74.4,0.2,113.5,8461.0
1455,VNM,2024-09-13T09:33:57,74.7,74.4,0.5,113.3,8447.0
1456,VNM,2024-09-13T09:33:56,74.7,74.4,0.2,112.8,8409.0
1457,VNM,2024-09-13T09:33:35,74.7,74.4,1.0,112.6,8394.0
1458,VNM,2024-09-13T09:33:30,74.7,74.4,0.5,111.6,8320.0
1459,VNM,2024-09-13T09:33:09,74.7,74.4,0.1,111.1,8283.0
1460,VNM,2024-09-13T09:33:03,74.7,74.4,0.5,111.0,8275.0
1461,VNM,2024-09-13T09:32:43,74.7,74.4,1.0,110.5,8238.0
1462,VNM,2024-09-13T09:32:36,74.7,74.4,0.5,109.5,8164.0
1463,VNM,2024-09-13T09:32:18,74.7,74.4,0.1,109.0,8127.0
1464,VNM,2024-09-13T09:32:09,74.7,74.4,0.5,108.9,8119.0
1465,VNM,2024-09-13T09:31:46,74.7,74.4,0.1,108.4,8082.0
1466,VNM,2024-09-13T09:31:42,74.7,74.4,0.5,108.3,8075.0
1467,VNM,2024-09-13T09:31:31,74.7,74.5,0.1,107.8,8037.0
1468,VNM,2024-09-13T09:31:27,74.7,74.4,5.0,107.7,8030.0
1469,VNM,2024-09-13T09:30:47,74.7,74.4,0.5,102.2,7621.0
1470,VNM,2024-09-13T09:30:26,74.7,74.4,0.1,101.7,7584.0
1471,VNM,2024-09-13T09:29:53,74.7,74.4,0.5,101.1,7539.0
1472,VNM,2024-09-13T09:29:39,74.7,74.5,4.0,100.6,7502.0
1473,VNM,2024-09-13T09:29:28,74.7,74.4,0.2,96.6,7204.0
1474,VNM,2024-09-13T09:29:27,74.7,74.4,0.5,96.4,7189.0
1475,VNM,2024-09-13T09:29:23,74.7,74.5,0.1,79.6,5937.0
1476,VNM,2024-09-13T09:29:23,74.7,74.5,1.0,95.9,7152.0
1477,VNM,2024-09-13T09:29:21,74.7,74.5,7.3,67.0,4999.0
1478,VNM,2024-09-13T09:29:21,74.7,74.5,0.3,69.7,5200.0
1479,VNM,2024-09-13T09:29:20,74.7,74.5,5.0,59.7,4455.0
1480,VNM,2024-09-13T09:29:10,74.7,74.6,1.0,54.7,4082.0
1481,VNM,2024-09-13T09:29:00,74.7,74.5,0.1,53.7,4008.0
1482,VNM,2024-09-13T09:28:59,74.7,74.5,0.5,53.6,4000.0
1483,VNM,2024-09-13T09:28:40,74.7,74.6,1.0,52.1,3888.0
1484,VNM,2024-09-13T09:28:06,74.7,74.5,0.5,50.1,3739.0
1485,VNM,2024-09-13T09:27:55,74.7,74.6,2.8,49.6,3702.0
1486,VNM,2024-09-13T09:27:55,74.7,74.6,0.2,46.8,3493.0
1487,VNM,2024-09-13T09:27:38,74.7,74.5,0.5,46.6,3478.0
1488,VNM,2024-09-13T09:27:37,74.7,74.5,0.1,46.1,3441.0
1489,VNM,2024-09-13T09:26:44,74.7,74.5,0.5,45.5,3396.0
1490,VNM,2024-09-13T09:26:32,74.7,74.6,0.4,45.0,3359.0
1491,VNM,2024-09-13T09:26:14,74.7,74.6,0.1,44.1,3292.0
1492,VNM,2024-09-13T09:25:50,74.7,74.6,0.3,43.8,3269.0
1493,VNM,2024-09-13T09:25:50,74.7,74.6,0.2,44.0,3284.0
1494,VNM,2024-09-13T09:25:14,74.7,74.6,1.7,43.5,3247.0
1495,VNM,2024-09-13T09:25:08,74.7,74.6,1.8,35.9,2680.0
1496,VNM,2024-09-13T09:25:01,74.7,74.6,2.3,34.1,2546.0
1497,VNM,2024-09-13T09:24:57,74.7,74.5,0.2,31.8,2374.0
1498,VNM,2024-09-13T09:24:51,74.7,74.5,0.1,31.6,2359.0
1499,VNM,2024-09-13T09:24:50,74.7,74.5,0.5,31.5,2352.0
1500,VNM,2024-09-13T09:24:40,74.7,74.6,0.2,31.0,2315.0
1501,VNM,2024-09-13T09:24:11,74.7,74.6,0.1,30.7,2292.0
1502,VNM,2024-09-13T09:24:06,74.7,74.6,1.7,30.6,2285.0
1503,VNM,2024-09-13T09:23:56,74.7,74.6,0.1,28.9,2158.0
1504,VNM,2024-09-13T09:23:49,74.7,74.6,0.5,28.8,2150.0
1505,VNM,2024-09-13T09:23:47,74.7,74.6,0.4,28.3,2113.0
1506,VNM,2024-09-13T09:22:05,74.7,74.6,0.1,27.6,2061.0
1507,VNM,2024-09-13T09:21:33,74.7,74.6,0.3,27.0,2016.0
1508,VNM,2024-09-13T09:21:06,74.7,74.6,0.5,26.5,1979.0
1509,VNM,2024-09-13T09:20:46,74.7,74.6,0.1,26.0,1942.0
1510,VNM,2024-09-13T09:20:39,74.7,74.6,0.3,25.7,1919.0
1511,VNM,2024-09-13T09:20:27,74.7,74.6,0.2,25.4,1897.0
1512,VNM,2024-09-13T09:19:45,74.7,74.5,0.5,23.7,1770.0
1513,VNM,2024-09-13T09:19:19,74.7,74.5,0.1,23.2,1733.0
1514,VNM,2024-09-13T09:19:17,74.7,74.5,0.5,23.1,1725.0
1515,VNM,2024-09-13T09:19:11,74.7,74.5,1.6,22.6,1688.0
1516,VNM,2024-09-13T09:18:51,74.7,74.5,0.5,20.0,1494.0
1517,VNM,2024-09-13T09:18:10,74.7,74.6,0.2,19.5,1457.0
1518,VNM,2024-09-13T09:18:01,74.7,74.6,0.3,19.3,1442.0
1519,VNM,2024-09-13T09:17:56,74.7,74.5,0.1,18.3,1368.0
1520,VNM,2024-09-13T09:17:53,74.7,74.5,0.5,18.2,1360.0
1521,VNM,2024-09-13T09:17:39,74.7,74.6,0.3,17.7,1323.0
1522,VNM,2024-09-13T09:17:26,74.7,74.6,0.5,17.4,1300.0
1523,VNM,2024-09-13T09:17:24,74.7,74.8,1.3,16.9,1263.0
1524,VNM,2024-09-13T09:17:00,74.7,74.6,0.2,13.7,1024.0
1525,VNM,2024-09-13T09:16:52,74.7,74.7,0.8,13.4,1001.0
1526,VNM,2024-09-13T09:16:33,74.7,74.7,0.1,11.9,889.0
1527,VNM,2024-09-13T09:16:32,74.7,74.7,0.2,11.8,882.0
1528,VNM,2024-09-13T09:15:56,74.7,74.7,0.1,11.2,837.0
1529,VNM,2024-09-13T09:15:42,74.7,74.7,0.3,10.9,815.0
1530,VNM,2024-09-13T09:15:11,74.7,74.7,0.1,10.6,792.0
1531,VNM,2024-09-13T09:15:04,74.7,74.7,0.5,10.5,785.0
1532,VNM,2024-09-13T09:15:02,74.7,74.8,10.0,10.0,748.0
