date,open,close,high,low,volume
2024-10-15,67.2,66.8,67.4,66.7,3073300
2024-10-14,68.1,67.2,68.1,67.1,3220500
2024-10-11,68.1,67.7,68.2,67.5,2690038
2024-10-10,68.3,67.7,68.8,67.7,2822615
2024-10-09,68.3,67.8,68.6,67.8,3527960
2024-10-08,67.2,68.2,68.2,67.2,3182649
2024-10-07,68.7,67.1,69.3,67.1,6381300
2024-10-04,70.5,68.5,70.5,68.4,6751000
2024-10-03,70.2,70.3,70.5,69.9,2948030
2024-10-02,70.2,70.1,70.2,69.6,3279930
2024-10-01,70.2,70.1,70.7,70.1,2040200
2024-09-30,71.0,70.1,71.0,70.1,2043516
2024-09-27,70.8,71.0,71.2,70.7,3168700
2024-09-26,69.6,70.7,71.1,69.6,3984109
2024-09-25,70.3,69.6,70.4,69.6,4847436
2024-09-24,71.0,70.3,71.0,70.1,2199514
2024-09-23,73.1,72.9,73.2,72.6,2977201
2024-09-20,73.5,72.7,74.0,72.7,6555403
2024-09-19,73.3,73.3,73.5,73.0,1572742
2024-09-18,73.6,73.3,73.9,73.0,2845344
2024-09-17,72.0,73.4,73.4,71.7,2390332
2024-09-16,73.0,71.9,73.0,71.9,4034700
2024-09-13,74.8,72.9,74.8,72.9,5347113
2024-09-12,75.0,74.7,75.2,74.4,2052124
2024-09-11,74.8,74.6,75.1,73.9,3165231
2024-09-10,74.8,74.9,75.5,74.3,3332434
2024-09-09,75.1,74.8,75.1,74.2,2638800
2024-09-06,74.9,75.4,75.5,74.8,3641800
2024-09-05,74.3,74.7,75.4,74.1,5857542
2024-09-04,73.3,74.3,74.5,73.1,2839125
2024-08-30,73.6,73.9,74.8,73.4,3675800
2024-08-29,73.7,73.5,74.0,73.4,2042980
2024-08-28,73.6,73.9,74.0,73.2,3352840
2024-08-27,73.4,73.5,73.8,72.6,4265844
2024-08-26,74.9,73.4,75.0,73.3,6324827
2024-08-23,74.9,74.9,75.6,74.4,3307633
2024-08-22,76.0,74.2,76.0,73.6,6025954
2024-08-21,75.2,75.3,76.1,75.1,3991045
2024-08-20,76.0,75.6,76.2,75.3,4177349
2024-08-19,74.0,76.0,76.0,73.8,7917931
2024-08-16,74.0,73.8,74.1,73.2,7392917
2024-08-15,74.0,73.8,74.6,73.7,4255830
2024-08-14,74.0,74.0,74.1,73.3,5456225
2024-08-13,72.8,73.8,74.4,72.7,6834400
2024-08-12,73.3,73.0,74.4,72.8,5804000
2024-08-09,72.8,73.3,73.4,72.5,4527500
2024-08-08,73.9,72.7,74.4,72.2,7611000
2024-08-07,73.2,73.8,73.8,72.4,10700700
2024-08-06,70.3,72.7,73.3,70.0,13950400
2024-08-05,71.0,69.4,71.2,68.5,12245500
2024-08-02,70.0,71.5,71.9,70.0,10290200
2024-08-01,71.8,70.3,71.9,70.1,8955800
2024-07-31,68.5,71.6,72.0,68.5,21564900
2024-07-30,67.3,67.7,68.4,66.9,6465600
2024-07-29,66.2,67.2,67.6,65.9,5781800
2024-07-26,65.4,65.8,66.2,65.4,3250400
2024-07-25,65.6,65.6,65.7,65.3,1957600
2024-07-24,65.8,65.6,66.1,65.6,3913500
2024-07-23,65.6,65.9,66.3,65.5,3777800
2024-07-22,65.3,65.4,66.0,65.2,2654800
2024-07-19,65.9,65.3,65.9,65.1,3392700
2024-07-18,66.0,65.9,66.0,65.5,2283000
2024-07-17,66.2,65.7,66.5,65.6,3464800
2024-07-16,66.4,66.1,66.7,66.1,2243700
2024-07-15,66.3,66.2,66.9,66.2,2155300
2024-07-12,66.4,66.3,66.6,66.1,2189900
2024-07-11,66.9,66.3,67.0,66.3,3787100
2024-07-10,67.5,66.8,67.8,66.8,3991700
2024-07-09,67.6,67.5,67.8,67.2,5045200
2024-07-08,67.3,67.6,67.7,67.0,4942400
2024-07-05,66.4,67.2,67.5,66.4,4285100
2024-07-04,66.3,66.4,66.9,66.3,2688900
2024-07-03,66.2,66.2,66.3,66.0,1437600
2024-07-02,66.0,66.2,66.3,65.8,2042800
2024-07-01,65.8,66.0,66.0,65.3,1909300
2024-06-28,65.5,65.5,66.0,65.3,2821700
2024-06-27,65.2,65.3,65.6,65.1,2755400
2024-06-26,65.8,65.2,65.8,65.1,2575100
2024-06-25,65.8,65.5,66.2,65.5,3680600
2024-06-24,66.1,65.5,66.6,65.3,3871900
2024-06-21,66.5,66.0,67.1,66.0,4023700
2024-06-20,65.4,66.0,66.8,65.2,4397100
2024-06-19,66.0,65.3,66.0,65.1,6211000
2024-06-18,66.5,65.9,66.5,65.9,2751700
2024-06-17,66.3,66.0,66.6,66.0,3617600
2024-06-14,67.0,66.2,67.3,66.2,4124200
2024-06-13,67.0,66.9,67.4,66.8,4003600
2024-06-12,66.5,67.0,67.3,66.3,3522696
2024-06-11,67.4,66.5,67.5,66.4,6177100
2024-06-10,68.4,67.2,68.5,67.2,4584100
2024-06-07,67.6,67.8,68.6,67.5,4127600
2024-06-06,69.0,67.2,69.0,67.2,4907800
2024-06-05,66.2,68.5,69.2,66.2,11865800
2024-06-04,66.1,66.0,66.6,66.0,3755800
2024-06-03,65.8,66.1,66.6,65.7,3302200
2024-05-31,65.9,65.4,65.9,65.3,4165400
2024-05-30,66.1,65.7,66.2,65.5,4502600
2024-05-29,67.0,66.3,67.3,66.0,3644200
2024-05-28,66.3,66.8,67.3,66.1,5787500
2024-05-27,66.1,66.1,66.6,65.8,2426600
2024-05-24,66.7,66.0,66.9,65.7,4194100
2024-05-23,66.0,67.0,67.0,65.8,2991400
2024-05-22,66.4,65.8,66.7,65.8,3728300
2024-05-21,66.4,66.2,66.6,65.8,3821200
2024-05-20,67.1,66.4,67.6,66.4,4941500
2024-05-17,67.3,67.0,67.8,66.8,4349200
2024-05-16,67.1,67.2,67.7,67.0,2911400
2024-05-15,66.9,67.0,67.3,66.7,3895400
2024-05-14,65.9,66.5,67.0,65.9,2704800
2024-05-13,66.6,65.8,66.8,65.4,2882500
2024-05-10,66.7,66.5,67.5,66.1,2418100
2024-05-09,67.9,66.6,67.9,66.6,2998000
2024-05-08,68.0,67.9,68.0,67.1,2984400
2024-05-07,66.0,68.0,68.5,65.9,8485900
2024-05-06,65.8,65.8,66.4,65.5,2261300
2024-05-03,65.6,65.6,66.0,65.5,1966400
2024-05-02,65.4,65.4,65.5,64.9,2563400
2024-04-26,64.7,65.0,65.8,64.5,2940600
2024-04-25,64.0,64.7,64.8,63.9,2006000
2024-04-24,64.0,64.0,64.3,63.5,2478300
2024-04-23,64.2,63.5,64.3,63.2,2139400
2024-04-22,64.7,64.0,65.3,64.0,2035200
2024-04-19,64.2,64.2,64.4,63.3,4677100
2024-04-17,64.4,64.2,64.9,64.2,5089800
2024-04-16,64.9,64.0,65.0,63.0,7128700
2024-04-15,66.7,64.9,66.7,64.9,5776100
2024-04-12,66.8,66.7,67.1,66.6,2509200
2024-04-11,66.7,66.6,66.9,66.5,2947700
2024-04-10,67.1,66.8,67.3,66.8,4464100
2024-04-09,67.1,67.0,67.3,66.8,2516000
2024-04-08,68.0,67.0,68.0,66.9,3716000
2024-04-05,68.2,67.9,68.2,67.7,4233800
2024-04-04,66.7,68.2,68.4,66.7,7732100
2024-04-03,67.3,66.7,67.3,66.7,5046100
2024-04-02,67.0,67.3,67.4,66.7,4322900
2024-04-01,67.6,67.0,67.7,67.0,5013000
2024-03-29,68.4,67.6,68.4,67.5,3694900
2024-03-28,67.7,67.7,68.4,67.6,4492200
2024-03-27,68.0,67.7,68.0,67.5,2815600
2024-03-26,67.4,67.7,67.9,67.3,2524500
2024-03-25,67.9,67.3,68.2,67.1,5588600
2024-03-22,68.6,67.8,68.7,67.8,6162600
2024-03-21,68.2,68.4,68.5,67.9,5061700
2024-03-20,67.8,68.0,68.6,67.5,3657800
2024-03-19,68.5,67.8,68.5,67.8,3222100
2024-03-18,68.8,67.9,69.1,67.6,6796400
2024-03-15,70.1,68.8,70.1,68.7,4851100
2024-03-14,71.0,70.5,71.3,70.3,5476400
2024-03-13,70.1,70.8,70.9,70.0,5646500
2024-03-12,70.4,70.0,70.6,70.0,3844000
2024-03-11,70.5,70.3,71.3,70.0,4268400
2024-03-08,72.1,70.0,72.9,70.0,7361000
2024-03-07,71.7,72.0,72.1,71.3,5217600
2024-03-06,73.3,72.1,73.5,72.0,3403000
2024-03-05,72.0,73.0,73.0,71.7,5530900
2024-03-04,71.8,72.0,72.7,71.6,5014600
2024-03-01,72.1,71.5,72.1,71.2,4487700
2024-02-29,72.6,72.0,73.3,71.6,6568800
2024-02-28,72.4,72.2,72.6,71.5,3509000
2024-02-27,71.2,72.0,72.4,71.1,5282500
2024-02-26,71.0,71.0,71.7,70.7,3138400
2024-02-23,71.8,71.0,72.7,71.0,6142500
2024-02-22,71.3,71.6,72.7,71.1,4698100
2024-02-21,71.5,71.3,71.9,71.0,3590200
2024-02-20,71.7,71.5,72.4,71.3,4435700
2024-02-19,70.9,71.9,72.6,70.7,7144500
2024-02-16,67.8,70.0,70.3,67.5,11114600
2024-02-15,67.6,67.6,68.0,67.2,4115500
2024-02-07,67.6,67.6,67.9,67.2,2736300
2024-02-06,68.1,67.6,68.2,67.6,2463800
2024-02-05,67.4,68.0,68.2,67.2,3565900
2024-02-02,67.5,67.4,67.7,67.0,2677300
2024-02-01,67.2,67.5,67.8,67.2,2549300
2024-01-31,67.2,67.0,68.2,66.9,4441100
2024-01-30,67.3,66.9,67.3,66.9,1840400
2024-01-29,67.1,67.0,67.3,66.9,2153800
2024-01-26,67.0,67.0,67.5,67.0,1675800
2024-01-25,67.4,66.9,67.5,66.9,2800500
2024-01-24,67.8,67.3,68.0,67.2,2083500
2024-01-23,68.3,67.7,68.3,67.6,2252000
2024-01-22,68.0,68.3,68.7,68.0,1959800
2024-01-19,67.4,68.0,68.6,67.4,2809900
2024-01-18,67.3,67.4,67.8,67.3,3008200
2024-01-17,67.5,67.1,67.9,67.0,1916400
2024-01-16,67.0,67.4,67.4,66.7,2072400
2024-01-15,67.2,67.0,67.5,67.0,2336501
2024-01-12,67.6,67.2,67.9,67.0,3283000
2024-01-11,67.5,67.9,68.5,67.5,2083900
2024-01-10,68.1,67.5,68.1,67.4,3006600
2024-01-09,68.2,68.1,68.5,68.0,2579400
2024-01-08,69.0,68.2,69.1,68.2,2396400
2024-01-05,69.3,68.8,69.3,68.5,1775700
2024-01-04,69.1,69.0,69.5,69.0,3401500
2024-01-03,68.4,69.0,69.0,68.0,1979801
2024-01-02,68.2,68.3,68.5,67.9,2142800
2023-12-29,68.7,67.6,68.7,67.6,2257800
2023-12-28,67.5,68.5,68.5,67.5,2573700
2023-12-27,68.0,67.5,68.2,67.5,1736400
2023-12-26,68.3,68.0,68.5,68.0,1975400
2023-12-25,67.6,67.9,68.7,67.6,3128279
2023-12-22,67.8,67.6,68.1,67.5,2620700
2023-12-21,67.9,67.8,68.3,67.8,2875900
2023-12-20,67.0,68.1,68.2,67.0,2623900
2023-12-19,67.1,67.0,67.4,66.3,3151900
2023-12-18,68.1,67.0,68.2,67.0,3613100
2023-12-15,68.5,68.1,68.6,68.1,4122500
2023-12-14,68.4,68.4,68.9,68.2,1462000
2023-12-13,69.6,68.2,69.7,68.1,4601000
2023-12-12,70.0,69.4,70.1,69.0,2788700
2023-12-11,70.5,70.0,70.5,69.9,4764500
2023-12-08,68.4,69.0,69.3,68.0,3729400
2023-12-07,68.8,68.4,68.8,67.5,3921300
2023-12-06,68.1,68.5,68.6,68.1,1606600
2023-12-05,68.8,68.1,69.0,68.0,2302100
2023-12-04,68.5,68.8,69.5,68.4,3006800
2023-12-01,68.0,68.4,68.5,67.7,1558800
2023-11-30,68.4,67.4,68.7,67.4,2630600
2023-11-29,68.5,68.4,68.8,68.2,1419153
2023-11-28,68.1,68.5,68.5,67.5,1957253
2023-11-27,68.3,68.1,68.4,67.9,1333300
2023-11-24,68.6,68.3,68.9,67.6,3128900
2023-11-23,69.8,68.7,69.9,68.7,1653100
2023-11-22,69.5,69.4,70.2,69.0,1533200
2023-11-21,69.4,69.5,69.8,68.9,2989800
2023-11-20,69.2,69.3,69.9,69.0,2001000
2023-11-17,71.0,70.0,71.1,69.2,2335800
2023-11-16,70.6,70.3,71.3,69.9,2338200
2023-11-15,70.0,70.7,71.8,70.0,3949400
2023-11-14,69.0,68.9,69.4,68.2,2996000
2023-11-13,69.7,68.7,70.0,68.6,1730800
2023-11-10,70.8,69.6,70.8,69.6,2833100
2023-11-09,71.6,70.7,72.1,70.7,3420100
2023-11-08,70.8,71.4,71.5,69.8,2339600
2023-11-07,70.5,70.8,70.8,69.8,1474700
2023-11-06,70.2,71.0,71.5,70.1,1136800
2023-11-03,70.9,70.0,70.9,69.8,1692700
2023-11-02,70.5,70.9,70.9,69.8,2390200
2023-11-01,69.0,70.4,70.5,67.9,2337200
2023-10-31,67.9,68.0,69.5,67.6,2183600
2023-10-30,67.9,67.6,68.0,67.1,1047000
2023-10-27,67.3,68.0,68.0,66.6,1811000
2023-10-26,68.5,67.0,68.6,65.9,5201700
2023-10-25,70.3,69.0,70.8,69.0,2423700
2023-10-24,70.2,70.3,70.8,70.1,1099508
2023-10-23,71.7,70.2,72.0,70.1,2750900
2023-10-20,71.3,72.3,72.5,70.2,2371808
2023-10-19,73.4,71.4,73.4,70.9,4007700
2023-10-18,74.8,73.9,74.8,72.4,2572400
2023-10-17,75.3,74.8,76.1,74.8,1595900
2023-10-16,75.1,75.2,75.8,74.7,1374400
2023-10-13,75.4,75.8,76.3,75.0,1540000
2023-10-12,74.5,75.5,75.9,74.5,2534800
2023-10-11,74.6,74.4,74.8,74.0,1898774
2023-10-10,74.3,74.4,75.0,74.0,1123900
2023-10-09,74.0,73.7,74.1,73.6,1621374
2023-10-06,72.7,74.2,74.2,72.6,1327000
2023-10-05,74.1,72.7,74.4,72.7,2645700
2023-10-04,73.6,74.4,74.6,73.4,1077900
2023-10-03,74.6,74.0,75.1,73.9,2013700
2023-10-02,74.2,75.6,75.6,74.2,1304901
2023-09-29,75.0,74.2,76.4,74.2,1403900
2023-09-28,76.1,74.8,76.4,74.8,2034300
2023-09-27,76.3,76.6,76.6,74.8,2273300
2023-09-26,77.6,76.1,78.0,76.0,2634600
2023-09-25,77.2,77.6,78.5,76.7,2795503
2023-09-22,77.1,77.5,78.3,75.8,4361903
2023-09-21,78.1,78.0,78.3,77.3,2577902
2023-09-20,78.4,78.3,78.8,78.0,2286202
2023-09-19,78.5,78.9,78.9,77.4,2571703
2023-09-18,79.1,78.9,79.8,78.7,1499600
2023-09-15,79.4,79.5,81.2,79.0,5614800
2023-09-14,78.5,79.4,80.0,78.4,2600100
2023-09-13,79.6,79.1,80.3,78.7,2507000
2023-09-12,79.0,80.3,80.7,78.3,2708500
2023-09-11,80.0,79.5,81.1,77.6,4234900
2023-09-08,79.2,80.0,80.1,79.1,2774901
2023-09-07,79.9,79.5,80.0,78.6,3726700
2023-09-06,80.1,80.0,80.1,79.5,2280401
2023-09-05,78.5,80.1,80.5,78.1,6839901
2023-08-31,77.5,77.8,78.9,77.1,4386000
2023-08-30,77.0,77.8,78.5,76.5,2659700
2023-08-29,77.5,77.4,77.6,76.2,4199901
2023-08-28,75.0,77.9,78.1,75.0,5466800
2023-08-25,75.3,74.9,75.3,74.3,2751400
2023-08-24,73.5,74.7,74.9,73.0,5206002
2023-08-23,72.4,73.5,73.6,71.6,4172801
2023-08-22,73.2,72.7,73.2,71.1,3075108
2023-08-21,72.7,72.9,73.8,72.7,3587708
2023-08-18,73.5,73.3,74.8,72.1,7106201
2023-08-17,73.1,73.6,74.5,72.9,4650904
2023-08-16,72.8,73.1,73.5,72.5,2083904
2023-08-15,72.9,72.8,73.4,72.7,2259703
2023-08-14,73.4,73.4,73.5,72.5,3066500
2023-08-11,73.1,73.5,73.5,72.4,2204332
2023-08-10,73.1,73.1,74.0,72.9,2813226
2023-08-09,74.5,73.1,74.5,72.8,3727162
2023-08-08,74.7,74.5,74.9,73.9,3510526
2023-08-07,72.9,74.9,74.9,72.3,4317933
2023-08-04,72.5,73.0,73.0,72.0,3165221
2023-08-03,74.1,72.6,74.1,72.6,2917624
2023-08-02,76.0,76.1,76.5,75.3,5048936
2023-08-01,78.0,76.0,78.0,76.0,5730817
2023-07-31,77.3,78.0,78.4,77.2,3814939
2023-07-28,75.8,77.4,77.7,75.6,6143629
2023-07-27,75.0,75.7,75.8,74.8,6208219
2023-07-26,74.4,75.0,75.2,74.3,3189718
2023-07-25,73.6,74.5,74.7,73.1,6645914
2023-07-24,73.5,73.6,74.0,73.3,2535331
2023-07-21,72.6,73.5,73.5,72.5,3821822
2023-07-20,72.6,72.6,72.8,72.3,2600707
2023-07-19,72.5,72.6,73.0,72.4,3025100
2023-07-18,72.5,72.4,72.6,72.2,5537000
2023-07-17,73.0,72.3,73.6,72.2,5722800
2023-07-14,73.2,73.3,73.4,72.1,7399700
2023-07-13,73.4,73.1,73.8,72.9,4316500
2023-07-12,72.9,73.5,73.5,72.6,4195800
2023-07-11,72.1,72.8,73.4,71.7,6235300
2023-07-10,71.4,72.1,72.7,71.2,6201102
2023-07-07,70.7,70.9,71.2,70.4,5780500
2023-07-06,69.9,70.5,70.7,69.8,7631000
2023-07-05,70.8,69.8,70.8,69.6,6873600
2023-07-04,70.5,70.6,71.2,70.1,4923805
2023-07-03,71.1,70.7,71.4,70.3,3186200
2023-06-30,71.9,71.0,72.0,70.8,3645000
2023-06-29,70.6,71.9,72.4,70.1,7911400
2023-06-28,70.5,70.6,70.9,69.7,6204700
2023-06-27,70.8,70.5,70.8,69.6,6128900
2023-06-26,69.3,70.6,70.7,68.3,10737800
2023-06-23,67.0,69.1,69.5,67.0,11958000
2023-06-22,66.5,66.9,67.3,66.3,5610600
2023-06-21,65.6,66.3,66.3,65.5,4490900
2023-06-20,65.9,65.5,65.9,65.5,2993000
2023-06-19,66.3,65.8,66.6,65.6,3279400
2023-06-16,66.5,66.1,66.6,66.0,6021785
2023-06-15,67.3,66.3,67.4,66.2,5208800
2023-06-14,67.7,67.1,68.2,67.1,5347700
2023-06-13,68.1,67.6,68.3,67.5,4973400
2023-06-12,66.0,67.9,68.0,66.0,5471300
2023-06-09,65.6,65.8,66.5,65.5,2080200
2023-06-08,66.5,65.5,66.5,65.5,5180900
2023-06-07,66.5,66.2,66.7,66.0,3719000
2023-06-06,66.9,66.4,66.9,66.0,3423000
2023-06-05,66.5,66.5,67.2,66.2,3323000
2023-06-02,66.2,65.9,66.3,65.5,2969700
2023-06-01,66.1,66.1,66.5,66.0,1214500
2023-05-31,66.8,66.1,66.8,66.1,1536600
2023-05-30,67.1,66.5,67.4,66.5,3248000
2023-05-29,67.3,67.1,67.7,67.1,2348900
2023-05-26,67.4,67.1,68.0,67.1,2118800
2023-05-25,66.2,67.1,67.5,66.0,1970600
2023-05-24,67.1,66.3,67.4,66.1,2350000
2023-05-23,68.0,67.0,68.4,67.0,2935700
2023-05-22,68.7,68.2,69.0,68.2,1698000
2023-05-19,69.4,68.6,69.5,68.6,1329500
2023-05-18,69.0,69.2,70.0,68.5,2622200
2023-05-17,69.7,69.0,69.7,68.8,1993000
2023-05-16,69.0,69.7,69.7,69.0,1947400
2023-05-15,69.9,69.0,69.9,69.0,2105600
2023-05-12,70.4,69.6,70.4,69.5,1214100
2023-05-11,70.5,70.0,70.9,70.0,767500
2023-05-10,70.8,70.5,71.1,70.5,1251601
2023-05-09,70.8,70.7,71.0,70.5,1615200
2023-05-08,69.0,70.4,70.4,69.0,1227700
2023-05-05,68.6,68.8,69.2,68.6,1286200
2023-05-04,70.0,68.6,70.0,68.4,3022200
2023-04-28,69.8,70.0,70.2,69.7,2136300
2023-04-27,71.0,69.5,71.0,69.5,1369100
2023-04-26,70.0,71.0,71.0,70.0,1749000
2023-04-25,70.5,69.9,71.4,69.8,1370200
2023-04-24,71.0,70.5,71.1,70.2,1851900
2023-04-21,72.0,70.9,72.0,70.8,1133800
2023-04-20,72.1,71.9,72.6,71.8,822300
2023-04-19,73.1,72.0,73.1,72.0,816300
2023-04-18,71.8,73.0,73.0,71.8,931800
2023-04-17,72.8,71.7,72.9,71.7,1365400
2023-04-14,73.6,72.8,73.7,72.8,1294000
2023-04-13,74.3,73.5,74.4,73.5,1748200
2023-04-12,74.4,74.3,74.4,74.0,979100
2023-04-11,74.3,74.4,74.5,74.1,782800
2023-04-10,74.7,74.4,74.7,74.4,832700
2023-04-07,74.4,74.7,74.7,74.3,794400
2023-04-06,74.4,74.3,74.6,74.3,967300
2023-04-05,74.2,74.5,74.8,74.1,963400
2023-04-04,74.4,74.2,74.5,74.2,1819000
2023-04-03,74.6,74.4,74.9,74.2,850600
2023-03-31,75.0,74.4,75.4,74.4,1076100
2023-03-30,74.7,75.0,75.4,74.6,838700
2023-03-29,74.7,74.9,74.9,74.4,907400
2023-03-28,74.5,74.4,75.3,74.4,1650000
2023-03-27,75.0,74.6,75.0,74.3,1391500
2023-03-24,75.0,75.0,75.5,74.8,932300
2023-03-23,74.3,75.3,75.3,74.0,1805000
2023-03-22,74.6,74.4,74.7,74.4,900200
2023-03-21,74.4,74.4,75.1,74.2,1350200
2023-03-20,75.0,74.3,75.0,74.1,1609600
2023-03-17,76.4,74.5,76.4,74.5,2512800
2023-03-16,77.0,76.4,77.1,75.9,1895200
2023-03-15,76.6,77.1,77.3,76.5,2040200
2023-03-14,76.3,76.6,76.9,75.6,1735100
2023-03-13,76.8,76.9,77.1,76.6,1824500
2023-03-10,76.5,76.9,77.2,76.1,1427700
2023-03-09,76.2,76.5,77.1,76.2,1489700
2023-03-08,75.2,76.5,76.5,75.0,1244400
2023-03-07,75.9,75.8,76.2,75.5,1170900
2023-03-06,76.0,75.0,76.6,75.0,891800
2023-03-03,75.0,76.0,76.8,75.0,704200
2023-03-02,76.9,76.5,76.9,76.1,1088800
2023-03-01,75.1,76.9,77.0,75.0,1635500
2023-02-28,75.5,75.5,75.9,75.1,1034300
2023-02-27,74.7,75.2,75.9,74.0,1112500
2023-02-24,75.7,74.7,76.0,74.5,1681000
2023-02-23,75.5,75.7,76.9,74.4,2327900
2023-02-22,76.3,75.5,76.7,75.5,1295600
2023-02-21,77.5,77.2,77.6,76.7,888300
2023-02-20,76.0,77.5,77.5,75.5,1385300
2023-02-17,76.1,76.0,76.4,75.3,943900
2023-02-16,76.0,76.5,76.5,75.6,691300
2023-02-15,74.7,76.0,76.0,74.4,1443500
2023-02-14,75.3,74.7,75.7,74.4,1193500
2023-02-13,75.9,75.3,75.9,74.1,1637632
2023-02-10,75.0,75.9,75.9,75.0,1236100
2023-02-09,75.8,75.0,76.0,75.0,1619600
2023-02-08,76.2,75.8,76.6,75.7,1550000
2023-02-07,77.6,76.1,77.6,76.1,1274400
2023-02-06,75.9,77.4,77.5,75.9,1910700
2023-02-03,77.0,76.0,77.1,75.9,1967400
2023-02-02,77.4,76.7,77.5,76.7,1494400
2023-02-01,77.7,77.2,77.8,76.9,1810400
2023-01-31,79.2,77.1,79.5,76.9,4947600
2023-01-30,80.0,79.4,80.0,79.4,1614000
2023-01-27,81.4,80.0,81.9,79.6,2331800
2023-01-19,80.8,81.3,81.5,80.0,2792100
2023-01-18,80.9,81.3,81.5,80.7,1397900
2023-01-17,80.2,80.9,81.0,79.4,1791400
2023-01-16,80.6,79.4,80.8,79.4,654700
2023-01-13,80.2,80.6,81.1,80.1,1689000
2023-01-12,79.9,80.0,80.2,79.3,754900
2023-01-11,81.0,79.4,81.6,79.4,1574700
2023-01-10,80.9,81.0,81.5,80.6,1216000
2023-01-09,79.9,80.7,80.7,79.6,948300
2023-01-06,81.0,79.8,81.2,79.6,1309700
2023-01-05,79.3,81.2,81.4,79.0,2469800
2023-01-04,78.7,79.3,79.3,78.6,1153800
2023-01-03,76.5,78.5,78.5,76.2,1496000
2022-12-30,78.0,76.1,78.0,76.1,1243300
2022-12-29,77.4,77.0,78.2,77.0,1329700
2022-12-28,76.7,77.0,78.0,76.6,1248500
2022-12-27,76.8,76.6,78.0,76.0,1586800
2022-12-26,76.4,76.0,77.6,75.9,1717600
2022-12-23,77.1,76.2,78.2,76.2,1561800
2022-12-22,79.3,77.0,79.5,77.0,1630400
2022-12-21,79.7,79.7,80.6,79.5,2305500
2022-12-20,77.3,78.7,79.7,76.9,3030300
2022-12-19,78.5,77.0,78.5,77.0,2422700
2022-12-16,77.7,78.0,78.8,77.6,3002000
2022-12-15,77.5,77.6,79.2,77.3,2595300
2022-12-14,79.4,77.5,79.4,77.5,3865200
2022-12-13,78.6,78.0,79.4,77.2,4051300
2022-12-12,80.3,78.5,81.9,78.4,3142700
2022-12-09,81.0,80.0,81.8,80.0,2408500
2022-12-08,83.0,81.0,84.0,81.0,1677100
2022-12-07,83.0,82.5,84.3,81.8,1939600
2022-12-06,85.0,82.5,85.1,82.5,1395300
2022-12-05,84.1,85.0,85.6,84.1,2066000
2022-12-02,82.3,84.0,84.0,82.0,2600500
2022-12-01,81.6,82.4,82.9,81.6,2216800
2022-11-30,83.0,82.8,83.0,81.5,1995600
2022-11-29,81.3,83.0,83.3,80.5,2404200
2022-11-28,82.0,81.7,83.4,81.7,2299200
2022-11-25,81.3,82.2,82.7,81.0,2596100
2022-11-24,79.0,81.2,81.2,78.9,3644800
2022-11-23,79.5,79.4,79.7,78.3,1536800
2022-11-22,77.5,79.5,80.2,77.4,2281200
2022-11-21,77.0,77.9,77.9,76.9,1787400
2022-11-18,77.0,77.0,77.8,75.7,2229300
2022-11-17,76.8,76.0,78.3,75.1,2599500
2022-11-16,75.5,74.5,78.8,73.8,3542600
2022-11-15,79.0,77.0,79.4,76.5,2389600
2022-11-14,78.0,79.0,82.0,76.1,2766800
2022-11-11,78.9,78.4,80.4,78.4,1564400
2022-11-10,80.9,78.4,81.0,77.0,2637600
2022-11-09,82.0,80.9,82.2,80.0,2701100
2022-11-08,82.2,82.4,82.4,79.6,2501400
2022-11-07,80.1,82.2,82.2,80.0,2638300
2022-11-04,79.9,80.0,81.0,78.0,2909200
2022-11-03,78.0,80.0,80.7,78.0,1278300
2022-11-02,80.2,78.3,80.3,78.3,1830500
2022-11-01,78.5,80.2,82.5,78.5,3180100
2022-10-31,77.7,78.5,78.5,77.3,1572200
2022-10-28,78.5,78.0,78.6,77.7,1614400
2022-10-27,76.0,78.5,78.5,76.0,2283600
2022-10-26,76.0,76.0,76.4,75.6,824700
2022-10-25,74.1,76.0,76.8,74.1,1657600
2022-10-24,77.2,74.0,77.2,74.0,1578600
2022-10-21,77.5,77.0,78.4,76.5,2097600
2022-10-20,76.6,77.5,77.5,75.8,2664900
2022-10-19,76.1,76.6,76.8,76.1,1467000
2022-10-18,75.0,76.5,77.0,74.7,3172000
2022-10-17,73.8,74.1,75.1,73.7,1812700
2022-10-14,74.0,74.0,74.5,73.7,1746000
2022-10-13,71.0,73.8,73.8,70.8,3171000
2022-10-12,70.5,71.6,71.7,70.1,1274000
2022-10-11,70.5,70.2,71.5,69.6,1718400
2022-10-10,68.5,70.5,71.5,67.4,1661900
2022-10-07,69.3,69.8,71.3,66.5,2685300
2022-10-06,71.3,70.0,71.4,70.0,1503000
2022-10-05,71.0,71.6,72.0,71.0,1493400
2022-10-04,71.8,70.9,71.8,70.0,1755300
2022-10-03,71.9,71.0,72.5,71.0,2039100
2022-09-30,71.9,72.3,73.3,71.9,2643400
2022-09-29,72.9,72.7,73.5,72.2,2375100
2022-09-28,72.0,71.8,73.0,70.9,2492400
2022-09-27,74.5,72.4,74.9,72.3,3111500
2022-09-26,75.8,74.0,76.2,73.7,3886000
2022-09-23,77.0,76.7,77.3,76.5,1398600
2022-09-22,76.6,76.9,77.1,76.0,1033500
2022-09-21,75.7,76.9,77.6,75.6,2477500
2022-09-20,75.3,75.8,76.2,75.3,1139700
2022-09-19,75.6,75.2,75.7,74.9,1418000
2022-09-16,74.7,76.0,76.0,74.4,2308600
2022-09-15,74.1,74.5,75.2,74.1,1207500
2022-09-14,74.9,74.0,75.0,73.8,2037900
2022-09-13,75.2,75.7,76.0,75.2,1556500
2022-09-12,76.0,75.3,76.2,75.3,1386100
2022-09-09,75.9,75.9,76.5,75.5,1188500
2022-09-08,76.0,75.7,76.5,75.2,1351100
2022-09-07,77.8,75.7,77.8,75.7,2916400
2022-09-06,77.5,77.8,79.0,77.3,2669000
2022-09-05,75.5,77.5,77.8,75.5,3169400
2022-08-31,75.9,75.5,76.4,75.5,1677100
2022-08-30,75.5,76.0,76.4,75.5,2275076
2022-08-29,76.1,75.5,76.3,75.4,3331964
2022-08-26,77.8,76.9,78.1,76.2,2463000
2022-08-25,77.9,77.9,78.3,77.0,2182100
2022-08-24,75.8,77.7,78.3,75.8,6069100
2022-08-23,73.7,75.8,75.9,73.6,4551200
2022-08-22,74.1,73.7,74.8,73.7,2171700
2022-08-19,73.4,74.1,74.5,72.9,5351600
2022-08-18,72.6,73.4,73.6,72.6,4230600
2022-08-17,71.8,72.6,72.6,71.7,1484400
2022-08-16,71.8,71.8,72.4,71.7,3021756
2022-08-15,72.0,71.5,72.0,71.3,2525800
2022-08-12,71.0,71.9,71.9,71.0,2175100
2022-08-11,72.6,71.1,72.6,70.7,4084600
2022-08-10,72.0,72.5,72.6,72.0,2358800
2022-08-09,72.2,72.0,72.4,72.0,2408800
2022-08-08,72.5,72.2,72.5,72.1,2795800
2022-08-05,73.3,72.6,73.4,72.6,2135400
2022-08-04,73.4,73.3,73.4,72.8,1888600
2022-08-03,72.8,73.4,73.5,72.5,3134700
2022-08-02,73.4,73.4,74.2,72.7,3059100
2022-08-01,72.8,73.5,73.5,72.2,3078600
2022-07-29,72.7,72.8,73.6,72.4,2872000
2022-07-28,72.5,72.6,72.8,72.3,1532500
2022-07-27,72.0,72.2,72.6,71.8,1222700
2022-07-26,72.9,72.0,73.0,71.8,1676900
2022-07-25,72.0,72.9,72.9,71.8,1242600
2022-07-22,73.2,72.0,73.2,72.0,1154300
2022-07-21,72.5,73.2,73.6,72.2,1720500
2022-07-20,73.2,73.0,73.6,72.8,1167800
2022-07-19,72.0,72.8,72.9,71.6,2050600
2022-07-18,72.0,71.7,72.2,71.5,1106700
2022-07-15,72.4,71.6,73.0,71.6,1475000
2022-07-14,72.3,72.4,73.2,72.2,1168520
2022-07-13,73.2,72.5,73.6,72.4,1483500
2022-07-12,73.0,73.3,73.9,72.6,1186100
2022-07-11,72.2,73.0,74.7,72.0,2556900
2022-07-08,73.0,73.0,73.3,72.5,1853200
2022-07-07,70.7,73.0,73.0,70.0,3049600
2022-07-06,71.0,70.7,71.5,69.5,2360100
2022-07-05,75.3,73.1,75.4,73.0,2590800
2022-07-04,74.0,75.1,75.8,73.8,3259300
2022-07-01,72.3,73.7,73.9,72.0,2859000
2022-06-30,72.3,72.2,74.8,72.2,3807600
2022-06-29,70.6,72.3,72.7,70.6,2515400
2022-06-28,70.6,70.8,72.7,70.1,3037200
2022-06-27,71.8,71.1,72.1,70.3,1804300
2022-06-24,71.0,71.5,72.9,70.9,1777600
2022-06-23,70.6,70.7,72.0,70.0,1223100
2022-06-22,73.1,70.6,73.4,70.6,2214000
2022-06-21,69.2,73.7,73.8,68.8,5715800
2022-06-20,66.4,69.0,69.7,66.4,2588200
2022-06-17,66.9,66.7,68.6,65.2,2586800
2022-06-16,65.1,68.0,68.3,65.0,2260500
2022-06-15,66.1,64.5,66.5,64.5,4092500
2022-06-14,65.5,66.1,67.5,65.4,1477200
2022-06-13,68.4,66.4,68.4,66.2,2379700
2022-06-10,70.0,69.5,70.2,69.5,1656600
2022-06-09,71.0,70.2,71.1,70.2,1271600
2022-06-08,70.7,71.0,71.4,70.7,1817600
2022-06-07,70.3,70.6,70.7,70.0,1322200
2022-06-06,70.2,70.8,71.2,70.0,1432000
2022-06-03,71.0,70.3,71.3,70.0,1251100
2022-06-02,72.0,71.1,72.0,70.8,1700700
2022-06-01,71.5,71.9,72.6,71.3,1229600
2022-05-31,72.1,71.7,72.4,71.7,2382400
2022-05-30,72.9,72.5,72.9,72.0,2224400
2022-05-27,71.3,73.0,73.3,70.7,3755500
2022-05-26,71.9,71.3,71.9,70.7,1590800
2022-05-25,68.9,71.9,72.3,68.9,2462100
2022-05-24,66.7,68.9,68.9,66.5,2033000
2022-05-23,68.5,66.3,68.7,66.2,2022200
2022-05-20,69.0,68.1,69.9,68.0,1396200
2022-05-19,69.5,69.0,70.0,69.0,1449400
2022-05-18,70.0,70.3,70.5,69.5,1983200
2022-05-17,65.6,70.0,70.0,65.2,2205100
2022-05-16,66.6,65.8,67.6,65.7,2688000
2022-05-13,67.0,66.1,67.8,65.9,5002100
2022-05-12,69.8,66.5,69.8,66.5,3341800
2022-05-11,70.6,69.5,71.1,69.5,2111300
2022-05-10,70.0,70.6,71.9,70.0,3106500
2022-05-09,70.2,70.0,71.5,69.6,2392100
2022-05-06,71.4,70.2,71.6,69.5,2109800
2022-05-05,73.2,72.1,73.2,71.5,1548200
2022-05-04,74.2,72.5,74.4,72.5,1763900
2022-04-29,74.4,74.2,75.0,74.0,1630100
2022-04-28,74.9,74.3,74.9,73.8,2691800
2022-04-27,75.2,75.0,75.8,73.7,2420900
2022-04-26,73.5,75.9,76.0,70.9,3910000
2022-04-25,76.0,73.5,76.3,73.0,3481800
2022-04-22,75.7,75.9,76.5,75.5,2800400
2022-04-21,75.3,75.0,76.5,75.0,4668600
2022-04-20,76.0,75.6,76.7,75.6,1931100
2022-04-19,77.1,76.0,77.7,76.0,1670200
2022-04-18,76.5,77.0,77.9,76.4,2564300
2022-04-15,76.5,76.5,77.6,76.0,1362400
2022-04-14,77.5,76.3,78.0,76.3,1810200
2022-04-13,76.8,77.2,78.5,76.7,2118800
2022-04-12,77.3,76.8,77.8,76.5,1776300
2022-04-08,78.5,77.3,79.1,77.3,2738300
2022-04-07,79.9,78.5,80.0,78.5,1760300
2022-04-06,80.0,79.3,81.2,79.1,4698700
2022-04-05,81.8,80.4,81.8,80.4,2202100
2022-04-04,82.0,82.2,82.5,81.5,3808700
2022-04-01,81.0,81.7,82.7,80.3,6112000
2022-03-31,76.2,80.9,81.0,76.0,9645800
2022-03-30,75.5,76.2,76.6,75.1,3506500
2022-03-29,73.5,75.5,75.5,73.5,2784940
2022-03-28,75.3,73.4,75.6,73.4,4038700
2022-03-25,75.6,75.2,75.8,75.1,3376500
2022-03-24,76.0,75.6,76.1,75.2,3409808
2022-03-23,76.8,76.1,77.0,75.9,3226000
2022-03-22,77.9,76.9,77.9,76.8,2500200
2022-03-21,76.0,77.6,77.9,76.0,2384100
2022-03-18,76.6,76.0,77.0,76.0,4759000
2022-03-17,77.6,76.4,77.8,76.4,1777400
2022-03-16,77.2,77.3,78.0,77.0,2450400
2022-03-15,77.0,77.2,77.5,76.3,2279100
2022-03-14,78.0,77.2,78.0,76.9,2182310
2022-03-11,77.2,78.0,78.5,77.1,2322900
2022-03-10,76.0,77.1,77.9,76.0,2971800
2022-03-09,76.0,75.1,76.8,75.0,3192780
2022-03-08,76.3,76.1,76.5,76.0,2383000
2022-03-07,77.9,76.8,77.9,76.7,4199800
2022-03-04,78.4,77.9,78.4,77.8,3120400
2022-03-03,78.7,78.4,79.0,78.2,1933200
2022-03-02,79.2,78.5,79.2,78.0,2392300
2022-03-01,78.4,79.2,79.4,78.2,1412500
2022-02-28,78.9,78.4,79.0,77.8,2280500
2022-02-25,79.0,78.9,79.5,78.9,1347700
2022-02-24,80.0,78.6,80.0,78.5,2723500
2022-02-23,80.0,80.0,80.5,79.8,2200300
2022-02-22,80.9,80.0,81.0,79.7,3204500
2022-02-21,80.9,81.0,81.6,80.9,1280600
2022-02-18,80.1,80.6,80.8,80.1,1808100
2022-02-17,80.5,80.8,81.2,80.4,2087700
2022-02-16,81.2,80.4,81.3,80.3,2825100
2022-02-15,81.1,81.2,81.5,81.0,1465300
2022-02-14,81.5,81.1,82.0,81.0,3031800
2022-02-11,82.5,82.0,82.6,81.9,2222698
2022-02-10,82.8,82.7,83.3,82.3,1612500
2022-02-09,82.0,82.8,83.7,82.0,1919300
2022-02-08,83.4,82.0,83.5,82.0,3640900
2022-02-07,83.2,83.5,84.0,82.9,1703100
2022-01-28,83.0,83.1,84.2,82.8,2971300
2022-01-27,80.1,83.1,83.4,80.1,2039000
2022-01-26,79.3,79.7,80.5,79.3,1672100
2022-01-25,80.5,79.2,81.0,79.1,3922100
2022-01-24,82.6,81.0,82.7,81.0,2442120
2022-01-21,83.0,82.6,83.3,82.5,1796400
2022-01-20,83.0,83.1,83.2,82.9,736700
2022-01-19,82.9,82.8,83.5,82.7,1309600
2022-01-18,82.9,83.4,83.5,82.6,2100400
2022-01-17,85.0,82.9,85.0,82.9,2100400
2022-01-14,83.1,84.7,85.1,82.7,2760800
2022-01-13,83.4,83.1,83.7,82.9,2109000
2022-01-12,83.8,83.1,83.8,82.7,2322300
2022-01-11,83.6,83.7,84.0,83.5,1972400
2022-01-10,84.8,83.7,85.0,83.5,2393800
2022-01-07,85.3,85.2,85.6,85.0,2593984
2022-01-06,86.1,85.4,86.1,85.3,2991600
2022-01-05,86.8,86.2,87.0,86.0,3272000
2022-01-04,87.2,86.7,87.4,86.7,1994600
2021-12-31,85.5,86.4,87.5,85.3,2468500
2021-12-30,85.3,85.3,85.6,85.1,1040500
2021-12-29,85.5,85.2,85.6,85.1,965400
2021-12-28,86.2,85.5,86.2,85.2,1937800
2021-12-27,86.0,86.1,86.4,85.7,1285700
2021-12-24,84.7,86.0,86.0,84.7,1428400
2021-12-23,85.4,84.7,85.4,84.5,2618900
2021-12-22,85.7,85.4,86.2,85.3,1991800
2021-12-21,85.8,85.5,86.0,85.5,1831900
2021-12-20,86.0,85.7,86.3,85.6,2194400
2021-12-17,86.6,85.7,86.7,85.7,2949600
2021-12-16,86.3,86.6,86.6,86.0,1610300
2021-12-15,86.4,86.3,86.7,86.3,1602500
2021-12-14,86.4,86.3,86.9,86.2,2175600
2021-12-13,86.3,86.4,86.8,86.0,1832316
2021-12-10,86.5,86.3,87.0,85.8,1730000
2021-12-09,85.9,87.0,87.1,85.7,2126800
2021-12-08,86.3,86.0,86.5,85.7,2106023
2021-12-07,85.8,86.5,86.5,85.4,1932000
2021-12-06,86.0,85.3,86.6,85.3,3168200
2021-12-03,87.6,85.8,88.0,85.8,3584600
2021-12-02,87.5,87.4,88.0,87.4,1820400
2021-12-01,88.0,87.5,88.6,87.4,2786600
2021-11-30,87.6,87.6,88.8,87.6,3443400
2021-11-29,87.8,87.5,87.9,87.2,2855900
2021-11-26,87.6,88.3,88.8,87.5,3015700
2021-11-25,87.5,87.5,88.2,87.2,2345400
2021-11-24,86.5,87.5,87.5,86.5,2124500
2021-11-23,86.5,86.3,86.7,86.0,2439371
2021-11-22,86.0,86.2,86.5,85.9,3497600
2021-11-19,88.0,86.1,88.4,86.0,5151200
2021-11-18,88.8,88.0,88.8,88.0,3900000
2021-11-17,88.6,88.8,89.6,88.6,3074400
2021-11-16,89.0,88.6,89.3,88.5,3251700
2021-11-15,89.5,89.0,89.6,89.0,3268000
2021-11-12,90.0,89.3,90.1,89.1,2120400
2021-11-11,89.8,89.6,90.4,89.3,3460600
2021-11-10,90.0,89.7,90.1,89.3,2666100
2021-11-09,91.0,89.8,91.1,89.7,3747900
2021-11-08,89.7,90.8,91.1,89.6,6365200
2021-11-05,88.6,89.2,89.4,88.5,3448400
2021-11-04,88.4,88.4,88.7,88.1,2513000
2021-11-03,89.1,88.2,89.5,88.2,6312000
2021-11-02,90.0,89.2,90.0,89.0,4888900
2021-11-01,90.8,90.0,91.3,89.8,5083800
2021-10-29,90.6,90.7,91.0,90.3,4603700
2021-10-28,90.5,90.6,91.5,90.5,4966000
2021-10-27,90.0,90.4,90.6,89.7,3738800
2021-10-26,90.0,89.6,90.2,89.4,1641200
2021-10-25,90.5,90.1,90.6,89.9,3874500
2021-10-22,89.5,90.5,90.5,89.2,4510000
2021-10-21,90.0,89.1,90.1,89.1,4036500
2021-10-20,90.4,90.0,90.6,89.0,5975224
2021-10-19,89.8,90.3,90.5,89.8,7011854
2021-10-18,90.0,89.8,90.1,89.2,3173092
2021-10-15,90.0,90.0,90.7,89.6,3828200
2021-10-14,90.2,90.0,90.5,89.6,2351000
2021-10-13,91.0,90.1,91.3,90.0,3859700
2021-10-12,90.4,90.4,91.3,90.1,3784200
2021-10-11,90.0,90.0,90.4,89.5,2629400
2021-10-08,88.9,89.6,90.0,88.7,2641000
2021-10-07,89.3,88.8,89.4,88.8,3126400
2021-10-06,89.6,89.3,90.1,89.2,2808500
2021-10-05,90.3,89.6,90.3,89.6,2268000
2021-10-04,90.5,90.2,91.1,90.1,3060200
2021-10-01,89.3,89.8,90.4,89.1,5855255
2021-09-30,89.9,89.6,90.7,89.6,4183200
2021-09-29,89.3,89.6,90.1,88.7,2763400
2021-09-28,88.8,89.3,89.9,88.0,3839280
2021-09-27,90.6,88.8,91.4,88.8,5053900
2021-09-24,91.0,90.7,91.4,90.5,2990000
2021-09-23,91.5,90.8,92.4,90.4,5097500
2021-09-22,88.5,91.5,91.7,88.5,10310100
2021-09-21,88.0,88.8,88.9,87.7,3251300
2021-09-20,87.6,88.7,89.1,87.3,5787700
2021-09-17,86.4,86.5,88.4,86.3,5292600
2021-09-16,86.5,86.4,86.5,85.9,3968400
2021-09-15,86.8,86.1,86.8,86.1,3424700
2021-09-14,87.2,87.0,87.3,86.6,3007900
2021-09-13,86.5,87.2,87.4,86.3,2956200
2021-09-10,85.2,86.5,87.0,85.0,6288900
2021-09-09,85.4,85.2,85.5,85.0,2452400
2021-09-08,86.3,85.4,86.3,85.3,4068200
2021-09-07,87.8,86.3,87.8,86.3,2808200
2021-09-06,88.3,88.3,88.8,88.2,3512200
2021-09-01,87.4,88.1,88.8,87.2,3530100
2021-08-31,87.5,87.4,87.6,87.1,3857200
2021-08-30,87.1,87.4,87.6,87.0,4680364
2021-08-27,87.4,87.0,87.5,86.7,4096900
2021-08-26,86.9,87.0,87.7,86.7,1976000
2021-08-25,86.4,86.9,87.1,86.0,1982500
2021-08-24,86.1,86.3,87.0,85.7,4125700
2021-08-23,87.7,86.0,87.8,86.0,4416500
2021-08-20,90.3,87.8,90.3,87.0,4326800
2021-08-19,90.5,90.3,90.5,89.8,3256300
2021-08-18,89.5,90.0,90.9,89.4,4710100
2021-08-17,89.6,89.3,90.1,89.1,2612200
2021-08-16,89.9,89.5,90.6,89.0,3380800
2021-08-13,90.4,89.9,90.5,89.2,4105500
2021-08-12,90.8,90.5,91.5,90.3,4581540
2021-08-11,89.9,90.9,91.4,89.8,5440400
2021-08-10,88.0,89.4,90.0,88.0,6090900
2021-08-09,87.2,87.7,87.9,87.0,3850700
2021-08-06,86.9,87.2,88.4,86.6,4260600
2021-08-05,86.9,86.6,87.1,86.6,3896800
2021-08-04,87.5,87.1,87.5,87.0,3086500
2021-08-03,86.6,87.1,87.5,86.6,3014600
2021-08-02,86.2,86.5,86.9,86.0,2794300
2021-07-30,86.8,86.1,87.2,85.9,4405200
2021-07-29,87.0,86.8,87.7,86.0,2648300
2021-07-28,87.1,86.9,87.4,86.6,1775500
2021-07-27,88.9,87.5,89.5,87.5,2388200
2021-07-26,88.0,88.9,89.2,87.9,2791500
2021-07-23,86.8,87.6,89.8,86.1,4558600
2021-07-22,85.5,86.8,87.1,85.3,2152400
2021-07-21,85.4,85.3,85.9,85.2,1996200
2021-07-20,85.0,85.9,86.0,84.3,3352000
2021-07-19,84.4,85.0,85.0,84.0,4111700
2021-07-16,85.5,85.9,86.2,85.3,1449600
2021-07-15,85.0,85.2,86.3,84.5,3394100
2021-07-14,85.0,85.0,85.7,84.3,4410200
2021-07-13,86.1,84.3,86.5,84.2,2883300
2021-07-12,87.5,86.3,88.0,84.3,4833100
2021-07-09,88.3,87.0,88.4,86.9,3224100
2021-07-08,88.2,88.4,89.4,88.0,1908900
2021-07-07,87.0,89.8,89.8,86.6,4738700
2021-07-06,89.4,87.0,89.8,87.0,4816900
2021-07-05,90.1,89.2,90.4,88.6,2988000
2021-07-02,91.0,90.1,91.0,90.1,2750900
2021-07-01,90.6,90.9,91.3,90.4,3841500
2021-06-30,91.0,90.4,91.1,90.2,2465780
2021-06-29,89.8,91.0,91.7,89.0,4368100
2021-06-28,90.0,89.2,90.2,89.0,1937900
2021-06-25,88.7,89.7,89.9,88.7,2136300
2021-06-24,89.9,88.7,90.2,88.3,4245024
2021-06-23,90.6,90.0,90.8,89.7,3480300
2021-06-22,91.0,90.6,91.5,90.6,2998300
2021-06-21,92.0,90.6,92.1,90.6,4313600
2021-06-18,91.4,92.1,92.7,91.4,5024894
2021-06-17,91.0,91.0,92.2,90.8,4261700
2021-06-16,92.7,91.8,93.0,91.3,3541200
2021-06-15,92.6,92.9,93.2,92.1,4711500
2021-06-14,92.5,92.5,93.5,91.5,5084100
2021-06-11,92.2,92.0,92.5,91.2,2992800
2021-06-10,89.4,92.2,93.6,88.6,6119300
2021-06-09,89.8,89.1,90.1,88.8,4200600
2021-06-08,89.5,89.7,91.3,89.4,5836400
2021-06-07,89.5,89.4,89.6,88.0,3736600
2021-06-04,90.3,89.5,91.0,89.1,4704600
2021-06-03,90.0,90.2,90.8,89.8,3629000
2021-06-02,89.6,89.4,89.6,89.0,3672400
2021-06-01,90.5,89.9,90.7,89.9,2339900
2021-05-31,91.8,90.5,92.0,90.2,3355991
2021-05-28,91.0,91.1,91.7,90.4,3122200
2021-05-27,91.4,90.5,91.6,90.0,3492100
2021-05-26,90.0,91.0,91.9,89.3,3933300
2021-05-25,91.2,90.5,91.2,90.0,2993000
2021-05-24,90.0,91.2,91.9,89.5,4349800
2021-05-21,87.9,89.2,90.8,87.1,5289020
2021-05-20,87.9,88.0,88.1,87.0,2844700
2021-05-19,87.8,87.5,89.0,87.1,4026307
2021-05-18,87.5,87.0,88.0,86.8,2970100
2021-05-17,89.5,87.2,90.0,87.2,5001300
2021-05-14,91.1,89.5,91.2,89.5,4650800
2021-05-13,91.0,90.5,91.7,90.5,3118400
2021-05-12,90.1,91.8,92.2,90.0,3199300
2021-05-11,93.5,91.2,94.5,91.2,4282000
2021-05-10,87.0,93.0,93.0,86.1,8426900
2021-05-07,89.0,87.0,89.2,86.8,7343000
2021-05-06,92.0,89.6,92.0,89.6,7844900
2021-05-05,91.6,92.0,93.0,91.6,4562900
2021-05-04,93.0,91.6,93.0,91.5,4182856
2021-04-29,93.7,93.5,94.2,91.5,6799700
2021-04-28,95.7,93.7,95.8,93.5,6099900
2021-04-27,96.0,95.7,96.5,95.0,5620300
2021-04-26,97.0,96.0,99.0,96.0,6277314
2021-04-23,98.0,99.5,99.9,96.8,4018900
2021-04-22,99.3,98.0,99.5,97.0,3567300
2021-04-20,97.0,99.3,101.0,96.9,7007238
2021-04-19,96.9,96.1,97.5,95.1,6512860
2021-04-16,98.6,96.9,98.7,96.4,4986400
2021-04-15,99.6,99.1,100.5,98.9,4099500
2021-04-14,100.0,99.3,100.0,98.9,4017400
2021-04-13,100.8,100.0,101.7,99.7,4546300
2021-04-12,100.0,100.0,100.3,99.5,3882400
2021-04-09,99.9,99.8,100.0,99.2,2736700
2021-04-08,100.4,99.9,100.5,99.4,3806200
2021-04-07,101.0,100.1,101.0,100.0,3644300
2021-04-06,102.6,101.5,102.7,100.8,3535900
2021-04-05,104.5,102.6,104.5,102.2,2822700
2021-04-02,102.5,102.7,104.0,102.1,3840000
2021-04-01,98.5,101.0,101.0,98.0,6239900
2021-03-31,99.1,98.4,99.1,98.0,2870400
2021-03-30,99.6,99.2,100.1,98.6,4425400
2021-03-29,98.1,99.0,99.9,97.8,2995300
2021-03-26,98.0,97.4,98.5,96.6,3920000
2021-03-25,99.0,98.5,99.7,98.3,3256800
2021-03-24,99.6,98.7,100.0,98.5,3285809
2021-03-23,100.6,100.2,100.7,99.7,4554300
2021-03-22,101.7,100.8,101.8,100.6,3516331
2021-03-19,102.2,101.7,102.2,101.4,3884100
2021-03-18,101.0,102.5,102.5,101.0,2608900
2021-03-17,101.0,100.5,101.0,100.1,3588400
2021-03-16,102.2,101.0,102.3,100.1,4314700
2021-03-15,102.8,102.2,103.0,102.1,2513500
2021-03-12,103.0,102.2,103.3,101.7,2744694
2021-03-11,102.5,102.8,103.8,102.1,2417000
2021-03-10,100.5,101.1,102.5,99.8,3391300
2021-03-09,101.1,100.5,101.5,100.2,4141900
2021-03-08,103.4,102.2,103.6,101.7,3250400
2021-03-05,103.1,103.0,103.1,101.7,4187600
2021-03-04,105.2,103.4,105.5,103.0,2873500
2021-03-03,104.8,104.5,104.9,104.0,2897900
2021-03-02,106.2,104.9,106.5,104.0,3258667
2021-03-01,105.5,105.6,105.9,105.0,2400600
2021-02-26,103.6,104.8,104.9,103.4,3915500
2021-02-25,105.9,104.6,106.3,104.2,4577900
2021-02-24,107.0,105.8,107.9,105.5,2836000
2021-02-23,107.5,107.0,108.0,106.2,3853200
2021-02-22,107.4,107.5,107.8,107.3,3411640
2021-02-19,107.8,108.0,108.3,107.1,3082700
2021-02-18,108.7,109.0,109.0,107.5,2892900
2021-02-17,108.0,108.7,108.9,107.3,3317200
2021-02-09,108.0,108.0,108.9,104.9,3574200
2021-02-08,105.3,105.3,109.6,103.8,5283500
2021-02-05,108.6,109.6,110.0,108.6,2862700
2021-02-04,109.7,108.8,109.7,107.0,1924400
2021-02-03,106.4,109.7,109.7,106.4,3745700
2021-02-02,102.3,106.4,107.0,102.3,4482400
2021-02-01,103.0,102.7,105.2,102.0,3831700
2021-01-29,96.0,102.8,102.8,96.0,4409922
2021-01-28,100.0,96.1,101.9,96.1,4895300
2021-01-27,106.0,103.3,106.8,102.5,3425400
2021-01-26,108.1,106.7,108.5,105.0,2669200
2021-01-25,108.9,108.2,109.7,108.0,2554800
2021-01-22,110.2,108.7,110.8,108.7,2729000
2021-01-21,109.9,110.3,110.7,108.8,3033700
2021-01-20,108.8,109.0,109.5,106.0,3783300
2021-01-19,113.3,107.7,113.3,107.0,4420372
2021-01-18,114.2,113.3,115.1,113.3,2674000
2021-01-15,113.5,113.9,115.3,113.1,2125700
2021-01-14,114.4,113.1,114.4,112.6,3846800
2021-01-13,116.3,114.5,117.2,114.2,2685600
2021-01-12,116.5,116.3,116.7,115.4,2544400
2021-01-11,112.5,115.9,116.0,112.5,4661500
2021-01-08,111.5,112.0,112.9,110.9,3674500
2021-01-07,110.0,110.4,110.8,109.8,2897900
2021-01-06,111.0,109.8,111.3,109.8,2923100
2021-01-05,108.9,110.8,112.0,108.4,4033900
2021-01-04,109.7,109.3,109.8,109.0,2319654
2020-12-31,109.0,108.8,109.9,108.8,1193810
2020-12-30,108.8,108.8,110.2,108.6,2386200
2020-12-29,109.0,109.2,109.4,108.6,1299700
2020-12-28,109.1,108.7,109.7,108.3,2305300
2020-12-25,108.8,109.0,109.1,108.1,1803510
2020-12-24,110.2,108.7,110.5,108.0,2511360
2020-12-23,109.9,110.2,111.4,109.9,2624593
2020-12-22,110.9,109.9,110.9,109.8,2497600
2020-12-21,110.4,111.0,111.4,110.2,2385080
2020-12-18,110.5,110.4,111.0,110.0,3500120
2020-12-17,111.0,110.4,111.0,110.3,2978670
2020-12-16,111.2,111.6,112.3,110.7,2269330
2020-12-15,113.0,111.2,113.3,110.8,4572910
2020-12-14,112.8,113.4,113.4,112.4,2667600
2020-12-11,112.0,112.6,112.8,111.8,2791940
2020-12-10,110.3,112.0,113.9,110.3,6246274
2020-12-09,110.0,109.7,110.1,109.3,1701940
2020-12-08,110.1,109.2,110.3,109.0,2085020
2020-12-07,110.0,110.0,110.9,108.8,1970400
2020-12-04,109.5,109.0,109.7,108.8,1763720
2020-12-03,109.0,109.5,109.9,108.8,1527440
2020-12-02,109.6,109.0,109.8,108.7,1332460
2020-12-01,107.3,109.7,109.8,107.2,2568850
2020-11-30,109.8,108.2,110.0,108.0,2870400
2020-11-27,109.9,109.8,109.9,108.7,2965140
2020-11-26,110.9,109.9,110.9,109.3,1490270
2020-11-25,110.5,110.5,111.0,109.1,2190900
2020-11-24,110.6,109.6,110.9,109.0,2045380
2020-11-23,111.0,110.6,111.3,109.8,2169000
2020-11-20,109.9,110.9,111.5,109.1,2801420
2020-11-19,109.4,109.7,109.7,109.0,3140680
2020-11-18,108.0,109.4,109.5,107.8,3396750
2020-11-17,107.2,107.6,107.7,107.0,2005490
2020-11-16,107.5,107.1,108.7,107.0,2571160
2020-11-13,107.0,107.4,107.4,107.0,1586680
2020-11-12,107.5,107.0,107.5,106.7,1094597
2020-11-11,107.9,107.5,107.9,106.0,2634710
2020-11-10,109.1,107.5,109.2,107.5,2317201
2020-11-09,109.0,108.8,109.4,108.5,1066640
2020-11-06,109.2,108.8,109.4,108.0,1168720
2020-11-05,108.0,108.8,109.4,108.0,1921270
2020-11-04,108.0,108.0,109.4,107.4,1542780
2020-11-03,107.6,107.7,108.0,107.0,1126760
2020-11-02,107.0,107.6,108.0,107.0,1397340
2020-10-30,107.0,108.0,108.0,105.3,2683620
2020-10-29,106.5,106.9,107.2,105.6,1823240
2020-10-28,109.0,107.4,109.0,106.5,2609180
2020-10-27,110.0,109.6,111.0,109.1,1721090
2020-10-26,111.0,110.5,112.5,110.0,2313520
2020-10-23,107.5,110.0,110.0,107.1,3132320
2020-10-22,106.8,106.7,106.8,105.1,2472540
2020-10-21,106.5,106.4,106.9,106.0,805550
2020-10-20,107.3,106.2,107.6,106.0,2150990
2020-10-19,107.4,107.7,108.3,107.4,1843550
2020-10-16,107.5,107.4,108.0,106.9,1743440
2020-10-15,107.8,107.5,107.9,107.0,1854560
2020-10-14,107.1,107.4,107.7,106.8,1877160
2020-10-13,107.0,107.1,108.0,106.9,1575300
2020-10-12,106.8,107.0,107.8,106.6,1209250
2020-10-09,107.0,106.7,107.1,106.6,1061330
2020-10-08,107.9,106.9,107.9,106.8,1614090
2020-10-07,106.8,108.0,108.0,106.5,2470200
2020-10-06,107.3,107.0,108.0,106.5,2044710
2020-10-05,108.0,107.3,109.0,107.0,1470106
2020-10-02,109.5,108.0,110.1,106.7,2864220
2020-10-01,109.0,109.3,109.4,107.9,2246500
2020-09-30,110.0,108.9,111.4,108.5,1432380
2020-09-29,110.0,109.2,112.6,108.0,5281680
2020-09-28,128.0,128.3,128.6,127.3,2169790
2020-09-25,127.8,127.7,128.0,127.5,1061140
2020-09-24,128.2,127.3,128.9,127.3,1778100
2020-09-23,129.9,129.2,130.2,129.1,1042800
2020-09-22,130.1,129.6,130.2,128.5,1358980
2020-09-21,126.4,130.1,130.2,126.4,2614310
2020-09-18,124.6,126.4,126.4,124.2,1360030
2020-09-17,124.0,124.5,125.8,124.0,1401570
2020-09-16,125.0,124.2,125.0,123.9,724510
2020-09-15,124.2,124.8,124.9,124.0,1501760
2020-09-14,124.4,124.2,125.0,124.0,1394170
2020-09-11,124.2,123.8,124.7,123.5,1356670
2020-09-10,125.0,124.7,125.4,124.4,884330
2020-09-09,122.5,123.8,123.9,121.5,1661920
2020-09-08,125.9,124.2,127.4,123.9,3190640
2020-09-07,125.0,126.0,128.4,124.9,2995780
2020-09-04,123.7,125.0,125.0,123.1,2404700
2020-09-03,123.5,124.7,124.8,123.5,2512310
2020-09-01,121.0,123.2,123.2,120.2,1448060
2020-08-31,120.3,121.0,121.0,119.5,1732390
2020-08-28,117.8,119.3,120.0,117.2,1941270
2020-08-27,117.5,117.2,117.9,117.0,1178770
2020-08-26,118.0,117.1,118.2,116.9,1971940
2020-08-25,117.0,117.3,117.9,116.8,1868030
2020-08-24,116.5,116.5,117.6,116.0,1606860
2020-08-21,115.5,115.6,116.0,115.1,914998
2020-08-20,115.3,115.2,115.8,114.6,1349280
2020-08-19,116.0,115.3,116.0,114.9,1031840
2020-08-18,117.0,115.6,117.4,115.6,704570
2020-08-17,117.0,117.0,117.9,115.3,906890
2020-08-14,116.6,116.7,118.0,116.2,1864090
2020-08-13,116.0,116.4,116.6,115.9,1238980
2020-08-12,114.5,115.6,115.9,114.5,1451960
2020-08-11,114.9,114.5,115.0,114.0,1577590
2020-08-10,116.0,114.5,116.5,114.5,1512680
2020-08-07,115.0,115.5,116.0,114.8,1240390
2020-08-06,112.2,114.8,116.0,112.1,1360570
2020-08-05,111.5,112.1,113.6,110.0,1308080
2020-08-04,111.0,111.3,111.3,109.9,1069170
2020-08-03,108.0,109.2,110.0,107.7,860190
2020-07-31,107.0,107.0,109.2,106.5,1164480
2020-07-30,108.0,109.0,109.5,106.8,1226470
2020-07-29,108.5,106.0,108.9,105.5,1497450
2020-07-28,104.0,109.9,109.9,104.0,1662200
2020-07-27,107.1,103.4,107.6,103.4,2947220
2020-07-24,114.2,111.1,114.2,109.0,2456450
2020-07-23,114.2,114.2,114.6,113.5,1097780
2020-07-22,115.4,114.1,116.0,114.1,1311350
2020-07-21,115.7,116.0,116.3,114.6,1970890
2020-07-20,115.7,115.7,116.7,115.5,829620
2020-07-17,116.7,116.8,117.4,116.5,633510
2020-07-16,116.7,117.5,117.5,116.2,1608569
2020-07-15,116.0,116.0,117.0,116.0,1785500
2020-07-14,114.2,115.2,115.2,113.9,839540
2020-07-13,115.3,114.8,115.8,114.3,943850
2020-07-10,116.0,115.3,116.4,115.3,1696180
2020-07-09,115.5,115.9,116.7,115.5,1606110
2020-07-08,116.0,115.5,116.0,115.5,846270
2020-07-07,116.5,116.0,117.1,116.0,1024960
2020-07-06,114.5,116.5,116.6,114.3,1834884
2020-07-03,113.0,114.1,114.2,112.8,789290
2020-07-02,114.8,113.0,114.9,113.0,720480
2020-07-01,112.7,114.7,115.0,112.0,450020
2020-06-30,113.0,112.7,113.5,111.9,797960
2020-06-29,114.0,111.9,114.3,110.1,1519040
2020-06-26,116.6,115.9,117.1,115.4,545750
2020-06-25,116.5,116.4,116.5,115.3,572770
2020-06-24,116.4,117.1,118.4,116.4,750960
2020-06-23,116.0,116.0,116.4,115.6,1203470
2020-06-22,115.0,115.4,115.9,114.8,867620
2020-06-19,115.2,115.0,116.5,115.0,1512590
2020-06-18,115.6,115.2,116.6,114.1,523160
2020-06-17,117.0,115.6,117.2,115.4,513570
2020-06-16,114.6,117.0,117.5,114.0,1660350
2020-06-15,120.0,112.0,120.9,112.0,2158870
2020-06-12,118.0,118.0,119.8,114.6,2644330
2020-06-11,123.0,122.3,125.0,121.0,1158900
2020-06-10,126.0,123.0,126.0,122.8,1345580
2020-06-09,123.1,125.0,126.0,123.1,1729320
2020-06-08,119.2,122.8,123.4,119.1,1544750
2020-06-05,117.8,119.2,119.2,116.7,1076470
2020-06-04,117.0,117.8,117.9,117.0,851380
2020-06-03,116.2,116.6,118.1,115.6,1447080
2020-06-02,116.1,116.0,117.0,115.7,891910
2020-06-01,115.1,116.1,117.0,115.1,1147020
2020-05-29,113.5,115.0,115.2,113.5,1677080
2020-05-28,115.0,114.8,116.0,114.8,1084500
2020-05-27,117.7,115.0,117.8,115.0,1108350
2020-05-26,118.0,117.6,118.0,115.2,1010170
2020-05-25,114.5,117.6,117.6,114.1,1741590
2020-05-22,114.4,114.4,114.8,113.5,1083060
2020-05-21,114.0,115.0,115.0,113.5,1871950
2020-05-20,112.5,114.0,114.4,112.5,1449680
2020-05-19,113.8,112.6,114.4,112.3,1669330
2020-05-18,110.8,111.1,111.8,109.0,1228780
2020-05-15,113.0,110.8,113.5,109.4,3289610
2020-05-14,112.6,113.0,113.9,112.5,1397750
2020-05-13,113.2,113.7,115.0,110.0,3751130
2020-05-12,108.5,113.9,114.4,107.4,2984650
2020-05-11,108.5,108.5,108.5,104.7,1892200
2020-05-08,104.5,105.0,107.6,104.0,4029283
2020-05-07,101.6,103.4,103.8,101.5,3595750
2020-05-06,100.7,101.5,101.5,99.7,2728300
2020-05-05,98.8,100.5,100.9,98.0,2952460
2020-05-04,97.0,97.6,99.0,97.0,1468220
2020-04-29,99.0,99.0,99.9,99.0,2055060
2020-04-28,102.8,100.5,103.0,99.7,1575520
2020-04-27,106.5,102.8,106.5,102.8,1950560
2020-04-24,99.3,102.8,102.8,97.5,3944850
2020-04-23,98.6,96.1,98.6,95.9,1573180
2020-04-22,96.1,97.5,97.6,95.8,2211100
2020-04-21,100.0,96.8,100.0,95.8,4771420
2020-04-20,100.0,100.0,101.2,100.0,1942150
2020-04-17,100.0,99.3,100.1,99.0,2532090
2020-04-16,99.3,99.3,99.5,98.9,2012390
2020-04-15,99.7,99.2,99.7,99.2,2002670
2020-04-14,99.5,99.0,99.7,98.7,1811600
2020-04-13,99.6,99.1,99.8,98.3,1358800
2020-04-10,100.0,99.6,100.0,98.1,1388790
2020-04-09,99.9,100.1,100.9,99.2,1961110
2020-04-08,98.0,99.0,99.0,96.5,2349640
2020-04-07,96.5,98.5,99.0,95.8,3196320
2020-04-06,96.5,96.2,96.6,95.0,1905550
2020-04-03,94.5,95.0,95.5,94.0,1954430
2020-04-01,91.0,94.0,94.0,91.0,1155730
2020-03-31,92.5,91.0,93.4,90.0,2112640
2020-03-30,90.0,91.2,92.5,89.0,2309790
2020-03-27,93.0,94.1,95.3,92.0,3605950
2020-03-26,92.3,94.0,95.0,88.8,4702830
2020-03-25,90.6,92.0,92.1,90.1,3155180
2020-03-24,83.7,86.1,88.3,83.7,1739530
2020-03-23,89.1,83.7,89.1,83.7,2187710
2020-03-20,89.0,90.0,91.3,89.0,3097030
2020-03-19,93.0,89.0,94.0,89.0,2774560
2020-03-18,96.2,95.0,97.8,95.0,1365310
2020-03-17,96.0,96.0,96.4,95.0,2162730
2020-03-16,99.1,97.0,99.2,96.5,1330630
2020-03-13,95.2,99.1,100.6,95.2,2515220
2020-03-12,97.2,100.9,101.5,97.0,3141600
2020-03-11,102.0,101.6,105.0,99.2,2657150
2020-03-10,96.0,101.7,101.8,96.0,2356200
2020-03-09,100.0,97.0,102.5,97.0,2576790
2020-03-06,104.5,104.2,104.8,103.6,1114920
2020-03-05,105.0,104.5,105.9,104.5,895470
2020-03-04,105.3,104.8,106.0,104.5,1151200
2020-03-03,105.5,105.3,106.2,104.6,2079800
2020-03-02,104.5,104.5,105.5,103.8,1742600
2020-02-28,105.3,104.5,106.1,103.0,8437930
2020-02-27,105.0,107.4,107.4,103.8,2049670
2020-02-26,106.7,105.0,106.7,105.0,1822320
2020-02-25,106.3,108.0,108.5,106.0,1840220
2020-02-24,107.0,106.4,107.8,106.0,1090030
2020-02-21,107.5,108.5,109.4,107.5,1484500
2020-02-20,107.0,106.4,107.5,106.3,724620
2020-02-19,105.0,106.4,106.7,105.0,794470
2020-02-18,107.8,105.5,107.8,105.3,1078500
2020-02-17,106.8,107.5,107.6,106.8,1073350
2020-02-14,107.2,106.6,107.4,106.6,884520
2020-02-13,107.2,106.9,107.5,106.6,713560
2020-02-12,108.0,107.2,108.0,107.2,838170
2020-02-11,109.0,107.2,109.0,107.0,1246970
2020-02-10,109.0,109.0,109.4,107.3,910510
2020-02-07,107.7,110.2,110.5,107.6,2708530
2020-02-06,107.5,107.5,108.6,105.9,2327860
2020-02-05,106.4,106.6,107.7,103.3,2035750
2020-02-04,109.9,105.0,110.0,104.1,1969040
2020-02-03,108.3,108.3,110.5,101.0,2628130
2020-01-31,116.4,108.5,116.6,108.5,2643270
2020-01-30,119.0,116.6,119.8,116.2,2478910
2020-01-22,121.0,121.3,121.9,121.0,2841760
2020-01-21,119.0,121.0,121.9,118.6,1755200
2020-01-20,119.0,119.0,119.2,118.4,1647460
2020-01-17,118.2,118.6,118.6,117.8,598520
2020-01-16,117.8,118.2,118.5,117.2,686590
2020-01-15,117.8,117.8,117.9,117.2,796740
2020-01-14,117.4,117.8,118.1,117.1,735180
2020-01-13,119.0,117.4,119.0,117.4,619820
2020-01-10,118.6,118.9,119.2,118.4,985510
2020-01-09,119.0,118.6,119.5,118.4,1402040
2020-01-08,118.5,118.8,118.8,117.5,837710
2020-01-07,117.5,118.5,118.8,117.5,459520
2020-01-06,118.0,117.4,118.2,116.8,595916
2020-01-03,118.2,118.3,119.0,118.2,625390
2020-01-02,117.0,117.9,118.2,116.5,352700
2019-12-31,119.0,116.5,119.0,116.4,487640
2019-12-30,117.8,116.5,118.0,116.5,672140
2019-12-27,117.0,118.2,118.5,116.0,383460
2019-12-26,117.8,117.0,118.0,117.0,445150
2019-12-25,119.5,118.0,119.5,117.7,541190
2019-12-24,118.0,118.6,118.8,118.0,637000
2019-12-23,120.0,118.0,120.0,118.0,822430
2019-12-20,120.0,120.0,120.3,119.5,1872570
2019-12-19,118.6,119.7,120.0,118.6,2140810
2019-12-18,117.4,118.6,119.0,117.3,1789930
2019-12-17,118.8,117.1,118.8,117.1,1092900
2019-12-16,118.5,118.7,118.8,117.7,919900
2019-12-13,119.3,118.0,119.9,118.0,1098400
2019-12-12,119.0,119.2,119.5,118.9,1135741
2019-12-11,117.7,118.6,118.6,117.3,1371940
2019-12-10,118.1,118.2,118.7,117.5,1809404
2019-12-09,116.3,118.1,118.2,116.3,1429230
2019-12-06,117.9,116.3,117.9,116.3,1135410
2019-12-05,119.7,117.8,119.7,117.8,2633170
2019-12-04,116.4,118.8,118.8,116.4,771910
2019-12-03,117.8,116.4,117.8,116.1,1743840
2019-12-02,121.5,118.3,121.5,118.3,1696990
2019-11-29,122.0,121.5,122.4,121.2,2057440
2019-11-28,122.1,122.1,122.3,120.4,1245380
2019-11-27,123.7,122.1,123.7,122.1,366920
2019-11-26,122.9,123.0,124.0,122.7,1771390
2019-11-25,122.2,122.9,123.3,120.6,830740
2019-11-22,121.5,121.5,123.2,121.3,7449600
2019-11-21,123.5,122.0,123.8,121.7,1720660
2019-11-20,124.5,124.0,124.8,123.3,1450700
2019-11-19,120.4,124.4,124.4,120.4,1178610
2019-11-18,123.0,120.8,123.4,120.4,1701470
2019-11-15,126.0,123.0,126.0,120.0,2384360
2019-11-14,126.0,125.9,126.4,125.6,755470
2019-11-13,127.5,125.5,127.5,125.4,3851530
2019-11-12,129.3,127.5,129.3,127.3,2082480
2019-11-11,129.2,129.3,130.2,129.0,945500
2019-11-08,129.1,129.2,130.3,128.9,1272810
2019-11-07,129.5,129.1,129.8,128.7,966170
2019-11-06,129.0,130.1,130.5,128.5,1584050
2019-11-05,131.3,129.2,131.3,129.2,2093520
2019-11-04,133.0,131.3,133.0,130.6,2257970
2019-11-01,130.2,132.4,133.0,130.2,969370
2019-10-31,132.0,130.0,132.0,128.8,2915480
2019-10-30,134.4,132.0,134.8,131.0,1390430
2019-10-29,133.7,134.1,134.9,133.6,664280
2019-10-28,134.5,133.8,135.4,133.6,558360
2019-10-25,132.6,134.5,134.5,132.5,816560
2019-10-24,132.2,132.6,133.4,132.2,520890
2019-10-23,132.5,132.3,132.7,131.2,847820
2019-10-22,134.0,132.5,134.4,132.3,1577090
2019-10-21,132.5,133.6,135.5,131.9,2006630
2019-10-18,131.5,132.5,133.0,131.5,1173840
2019-10-17,130.4,131.0,132.4,130.2,1430520
2019-10-16,130.4,130.4,130.9,128.3,1481580
2019-10-15,128.5,128.3,129.5,127.7,1393260
